State,county_key,GEOID,NAME,STNAME,nufus_2022,alan_sqmi,nufus_yogunlugu,kentsel_kirsal,birlesik_kayit
AK,aleutians east,02013,Aleutians East Borough,Alaska,3453,6986.254,0.49,6.0,False
AK,aleutians west,02016,Aleutians West Census Area,Alaska,5115,4393.051,1.16,6.0,False
AK,anchorage,02020,Anchorage Municipality,Alaska,287520,1707.069,168.43,3.0,False
AK,bethel,02050,Bethel Census Area,Alaska,18272,40660.586,0.45,6.0,False
AK,bristol bay,02060,Bristol Bay Borough,Alaska,877,481.382,1.82,6.0,False
AK,chugach,02063,Chugach Census Area,Alaska,6910,9575.39,0.72,6.0,False
AK,copper river,02066,Copper River Census Area,Alaska,2607,24646.759,0.11,6.0,False
AK,denali,02068,Denali Borough,Alaska,1583,12641.049,0.13,6.0,False
AK,dillingham,02070,Dillingham Census Area,Alaska,4716,18335.796,0.26,6.0,False
AK,fairbanks north star,02090,Fairbanks North Star Borough,Alaska,95749,7334.824,13.05,4.0,False
AK,haines,02100,Haines Borough,Alaska,2079,2334.932,0.89,6.0,False
AK,hoonah-angoon,02105,Hoonah-Angoon Census Area,Alaska,2282,6560.319,0.35,6.0,False
AK,juneau,02110,Juneau City and Borough,Alaska,31742,2702.924,11.74,5.0,False
AK,kenai peninsula,02122,Kenai Peninsula Borough,Alaska,60631,16017.581,3.79,6.0,False
AK,ketchikan gateway,02130,Ketchikan Gateway Borough,Alaska,13719,4857.091,2.82,5.0,False
AK,kodiak island,02150,Kodiak Island Borough,Alaska,12655,6689.486,1.89,6.0,False
AK,kusilvak,02158,Kusilvak Census Area,Alaska,8196,17077.965,0.48,6.0,False
AK,lake and peninsula,02164,Lake and Peninsula Borough,Alaska,1375,23831.019,0.06,6.0,False
AK,matanuska-susitna,02170,Matanuska-Susitna Borough,Alaska,113505,24707.334,4.59,3.0,False
AK,nome,02180,Nome Census Area,Alaska,9804,22969.694,0.43,6.0,False
AK,north slope,02185,North Slope Borough,Alaska,10789,88792.798,0.12,6.0,False
AK,northwest arctic,02188,Northwest Arctic Borough,Alaska,7401,35671.697,0.21,6.0,False
AK,petersburg,02195,Petersburg Borough,Alaska,3381,2900.889,1.17,6.0,False
AK,prince of wales-hyder,02198,Prince of Wales-Hyder Census Area,Alaska,5655,5267.636,1.07,6.0,False
AK,sitka,02220,Sitka City and Borough,Alaska,8370,2870.101,2.92,6.0,False
AK,skagway,02230,Skagway Municipality,Alaska,1096,442.928,2.47,6.0,False
AK,southeast fairbanks,02240,Southeast Fairbanks Census Area,Alaska,7039,24832.27,0.28,6.0,False
AK,wrangell,02275,Wrangell City and Borough,Alaska,2071,2556.097,0.81,6.0,False
AK,yakutat,02282,Yakutat City and Borough,Alaska,685,7627.587,0.09,6.0,False
AK,yukon-koyukuk,02290,Yukon-Koyukuk Census Area,Alaska,5165,145769.125,0.04,6.0,False
AL,autauga,01001,Autauga County,Alabama,59736,594.455,100.49,3.0,False
AL,baldwin,01003,Baldwin County,Alabama,246577,1589.884,155.09,4.0,False
AL,barbour,01005,Barbour County,Alabama,24722,885.008,27.93,5.0,False
AL,bibb,01007,Bibb County,Alabama,21983,622.47,35.32,2.0,False
AL,blount,01009,Blount County,Alabama,59491,644.891,92.25,2.0,False
AL,bullock,01011,Bullock County,Alabama,10126,622.815,16.26,6.0,False
AL,butler,01013,Butler County,Alabama,18652,776.839,24.01,6.0,False
AL,calhoun,01015,Calhoun County,Alabama,115744,605.893,191.03,4.0,False
AL,chambers,01017,Chambers County,Alabama,34093,596.554,57.15,5.0,False
AL,cherokee,01019,Cherokee County,Alabama,25334,553.522,45.77,6.0,False
AL,chilton,01021,Chilton County,Alabama,45856,692.838,66.19,2.0,False
AL,choctaw,01023,Choctaw County,Alabama,12420,913.479,13.6,6.0,False
AL,clarke,01025,Clarke County,Alabama,22545,1238.42,18.2,6.0,False
AL,clay,01027,Clay County,Alabama,14198,603.962,23.51,6.0,False
AL,cleburne,01029,Cleburne County,Alabama,15353,560.107,27.41,6.0,False
AL,coffee,01031,Coffee County,Alabama,54769,678.986,80.66,5.0,False
AL,colbert,01033,Colbert County,Alabama,58023,592.953,97.85,4.0,False
AL,conecuh,01035,Conecuh County,Alabama,11220,850.279,13.2,6.0,False
AL,coosa,01037,Coosa County,Alabama,10283,650.909,15.8,5.0,False
AL,covington,01039,Covington County,Alabama,37508,1030.571,36.4,6.0,False
AL,crenshaw,01041,Crenshaw County,Alabama,13096,608.865,21.51,6.0,False
AL,cullman,01043,Cullman County,Alabama,90597,734.747,123.3,5.0,False
AL,dale,01045,Dale County,Alabama,49472,561.113,88.17,5.0,False
AL,dallas,01047,Dallas County,Alabama,36772,978.738,37.57,5.0,False
AL,dekalb,01049,DeKalb County,Alabama,72046,777.077,92.71,5.0,False
AL,elmore,01051,Elmore County,Alabama,89566,618.52,144.81,3.0,False
AL,escambia,01053,Escambia County,Alabama,36620,945.408,38.73,6.0,False
AL,etowah,01055,Etowah County,Alabama,102821,535.144,192.14,4.0,False
AL,fayette,01057,Fayette County,Alabama,16041,627.684,25.56,6.0,False
AL,franklin,01059,Franklin County,Alabama,31947,633.959,50.39,5.0,False
AL,geneva,01061,Geneva County,Alabama,26787,574.485,46.63,4.0,False
AL,greene,01063,Greene County,Alabama,7412,647.023,11.46,3.0,False
AL,hale,01065,Hale County,Alabama,14613,643.991,22.69,3.0,False
AL,henry,01067,Henry County,Alabama,17638,561.892,31.39,4.0,False
AL,houston,01069,Houston County,Alabama,108063,579.826,186.37,4.0,False
AL,jackson,01071,Jackson County,Alabama,52842,1078.014,49.02,5.0,False
AL,jefferson,01073,Jefferson County,Alabama,665543,1111.556,598.75,2.0,False
AL,lamar,01075,Lamar County,Alabama,13628,604.846,22.53,6.0,False
AL,lauderdale,01077,Lauderdale County,Alabama,95903,668.018,143.56,4.0,False
AL,lawrence,01079,Lawrence County,Alabama,33182,690.685,48.04,4.0,False
AL,lee,01081,Lee County,Alabama,181044,607.556,297.99,4.0,False
AL,limestone,01083,Limestone County,Alabama,110926,563.399,196.89,3.0,False
AL,lowndes,01085,Lowndes County,Alabama,9778,716.085,13.65,3.0,False
AL,macon,01087,Macon County,Alabama,18561,608.665,30.49,4.0,False
AL,madison,01089,Madison County,Alabama,404155,801.612,504.18,3.0,False
AL,marengo,01091,Marengo County,Alabama,18790,976.898,19.23,6.0,False
AL,marion,01093,Marion County,Alabama,29171,742.342,39.3,6.0,False
AL,marshall,01095,Marshall County,Alabama,99570,565.854,175.96,5.0,False
AL,mobile,01097,Mobile County,Alabama,411291,1229.38,334.55,3.0,False
AL,monroe,01099,Monroe County,Alabama,19403,1025.669,18.92,6.0,False
AL,montgomery,01101,Montgomery County,Alabama,226554,785.354,288.47,3.0,False
AL,morgan,01103,Morgan County,Alabama,124218,579.674,214.29,4.0,False
AL,perry,01105,Perry County,Alabama,7893,719.67,10.97,6.0,False
AL,pickens,01107,Pickens County,Alabama,18780,881.408,21.31,3.0,False
AL,pike,01109,Pike County,Alabama,32998,672.067,49.1,5.0,False
AL,randolph,01111,Randolph County,Alabama,22442,580.55,38.66,6.0,False
AL,russell,01113,Russell County,Alabama,58522,641.182,91.27,3.0,False
AL,shelby,01117,Shelby County,Alabama,230140,785.454,293.0,2.0,False
AL,st clair,01115,St. Clair County,Alabama,93879,631.61,148.63,2.0,False
AL,sumter,01119,Sumter County,Alabama,11894,903.826,13.16,6.0,False
AL,talladega,01121,Talladega County,Alabama,80674,736.818,109.49,5.0,False
AL,tallapoosa,01123,Tallapoosa County,Alabama,40910,716.531,57.09,5.0,False
AL,tuscaloosa,01125,Tuscaloosa County,Alabama,237995,1320.857,180.18,3.0,False
AL,walker,01127,Walker County,Alabama,64408,791.031,81.42,2.0,False
AL,washington,01129,Washington County,Alabama,15098,1080.255,13.98,6.0,False
AL,wilcox,01131,Wilcox County,Alabama,10124,887.858,11.4,6.0,False
AL,winston,01133,Winston County,Alabama,23741,612.999,38.73,6.0,False
AR,arkansas,05001,Arkansas County,Arkansas,16458,992.14,16.59,6.0,False
AR,ashley,05003,Ashley County,Arkansas,18318,925.492,19.79,6.0,False
AR,baxter,05005,Baxter County,Arkansas,42378,553.931,76.5,5.0,False
AR,benton,05007,Benton County,Arkansas,303558,847.733,358.08,3.0,False
AR,boone,05009,Boone County,Arkansas,38254,589.723,64.87,5.0,False
AR,bradley,05011,Bradley County,Arkansas,10167,649.167,15.66,6.0,False
AR,calhoun,05013,Calhoun County,Arkansas,4703,628.601,7.48,5.0,False
AR,carroll,05015,Carroll County,Arkansas,28667,629.928,45.51,6.0,False
AR,chicot,05017,Chicot County,Arkansas,9836,636.978,15.44,6.0,False
AR,clark,05019,Clark County,Arkansas,21136,865.971,24.41,5.0,False
AR,clay,05021,Clay County,Arkansas,14229,639.224,22.26,6.0,False
AR,cleburne,05023,Cleburne County,Arkansas,25272,553.959,45.62,6.0,False
AR,cleveland,05025,Cleveland County,Arkansas,7471,597.91,12.5,5.0,False
AR,columbia,05027,Columbia County,Arkansas,22316,766.065,29.13,5.0,False
AR,conway,05029,Conway County,Arkansas,21091,551.924,38.21,6.0,False
AR,craighead,05031,Craighead County,Arkansas,112828,707.166,159.55,4.0,False
AR,crawford,05033,Crawford County,Arkansas,61084,595.269,102.62,4.0,False
AR,crittenden,05035,Crittenden County,Arkansas,47031,611.812,76.87,2.0,False
AR,cross,05037,Cross County,Arkansas,16594,616.318,26.92,6.0,False
AR,dallas,05039,Dallas County,Arkansas,6197,667.323,9.29,6.0,False
AR,desha,05041,Desha County,Arkansas,10760,741.227,14.52,6.0,False
AR,drew,05043,Drew County,Arkansas,16930,828.667,20.43,6.0,False
AR,faulkner,05045,Faulkner County,Arkansas,127656,647.247,197.23,3.0,False
AR,franklin,05047,Franklin County,Arkansas,17274,608.967,28.37,6.0,False
AR,fulton,05049,Fulton County,Arkansas,12354,617.994,19.99,6.0,False
AR,garland,05051,Garland County,Arkansas,99942,677.615,147.49,4.0,False
AR,grant,05053,Grant County,Arkansas,18127,631.888,28.69,3.0,False
AR,greene,05055,Greene County,Arkansas,46359,577.34,80.3,5.0,False
AR,hempstead,05057,Hempstead County,Arkansas,19469,727.2,26.77,6.0,False
AR,hot spring,05059,Hot Spring County,Arkansas,33170,614.944,53.94,5.0,False
AR,howard,05061,Howard County,Arkansas,12583,587.332,21.42,6.0,False
AR,independence,05063,Independence County,Arkansas,38223,763.712,50.05,5.0,False
AR,izard,05065,Izard County,Arkansas,14033,580.201,24.19,6.0,False
AR,jackson,05067,Jackson County,Arkansas,16607,633.611,26.21,6.0,False
AR,jefferson,05069,Jefferson County,Arkansas,64341,872.346,73.76,5.0,False
AR,johnson,05071,Johnson County,Arkansas,25997,660.99,39.33,6.0,False
AR,lafayette,05073,Lafayette County,Arkansas,6136,529.472,11.59,6.0,False
AR,lawrence,05075,Lawrence County,Arkansas,16146,587.528,27.48,6.0,False
AR,lee,05077,Lee County,Arkansas,8373,599.807,13.96,6.0,False
AR,lincoln,05079,Lincoln County,Arkansas,12914,559.466,23.08,6.0,False
AR,little river,05081,Little River County,Arkansas,11811,531.255,22.23,4.0,False
AR,logan,05083,Logan County,Arkansas,21242,709.115,29.96,6.0,False
AR,lonoke,05085,Lonoke County,Arkansas,75219,771.723,97.47,3.0,False
AR,madison,05087,Madison County,Arkansas,17493,834.238,20.97,3.0,False
AR,marion,05089,Marion County,Arkansas,17236,596.598,28.89,6.0,False
AR,miller,05091,Miller County,Arkansas,42484,624.04,68.08,4.0,False
AR,mississippi,05093,Mississippi County,Arkansas,38829,902.093,43.04,5.0,False
AR,monroe,05095,Monroe County,Arkansas,6574,607.461,10.82,6.0,False
AR,montgomery,05097,Montgomery County,Arkansas,8531,780.453,10.93,6.0,False
AR,nevada,05099,Nevada County,Arkansas,8191,617.79,13.26,6.0,False
AR,newton,05101,Newton County,Arkansas,7093,821.076,8.64,5.0,False
AR,ouachita,05103,Ouachita County,Arkansas,22010,732.721,30.04,5.0,False
AR,perry,05105,Perry County,Arkansas,10073,551.336,18.27,3.0,False
AR,phillips,05107,Phillips County,Arkansas,15344,690.36,22.23,6.0,False
AR,pike,05109,Pike County,Arkansas,10123,600.335,16.86,6.0,False
AR,poinsett,05111,Poinsett County,Arkansas,22434,758.295,29.58,4.0,False
AR,polk,05113,Polk County,Arkansas,19368,856.838,22.6,6.0,False
AR,pope,05115,Pope County,Arkansas,64023,810.952,78.95,5.0,False
AR,prairie,05117,Prairie County,Arkansas,8038,647.516,12.41,6.0,False
AR,pulaski,05119,Pulaski County,Arkansas,399886,758.369,527.3,3.0,False
AR,randolph,05121,Randolph County,Arkansas,18842,651.913,28.9,6.0,False
AR,saline,05125,Saline County,Arkansas,127419,723.516,176.11,3.0,False
AR,scott,05127,Scott County,Arkansas,9787,892.85,10.96,6.0,False
AR,searcy,05129,Searcy County,Arkansas,7905,665.879,11.87,6.0,False
AR,sebastian,05131,Sebastian County,Arkansas,129226,531.184,243.28,4.0,False
AR,sevier,05133,Sevier County,Arkansas,15681,563.569,27.82,6.0,False
AR,sharp,05135,Sharp County,Arkansas,17790,604.637,29.42,6.0,False
AR,st francis,05123,St. Francis County,Arkansas,22387,634.784,35.27,5.0,False
AR,stone,05137,Stone County,Arkansas,12591,606.44,20.76,6.0,False
AR,union,05139,Union County,Arkansas,37858,1039.067,36.43,5.0,False
AR,van buren,05141,Van Buren County,Arkansas,16114,709.571,22.71,6.0,False
AR,washington,05143,Washington County,Arkansas,257316,941.463,273.32,3.0,False
AR,white,05145,White County,Arkansas,77645,1033.966,75.09,5.0,False
AR,woodruff,05147,Woodruff County,Arkansas,6038,585.973,10.3,6.0,False
AR,yell,05149,Yell County,Arkansas,20121,930.386,21.63,5.0,False
AZ,apache,04001,Apache County,Arizona,65470,11198.31,5.85,6.0,False
AZ,cochise,04003,Cochise County,Arizona,125497,6209.863,20.21,4.0,False
AZ,coconino,04005,Coconino County,Arizona,144326,18616.352,7.75,4.0,False
AZ,gila,04007,Gila County,Arizona,53927,4757.578,11.33,5.0,False
AZ,graham,04009,Graham County,Arizona,38802,4621.877,8.4,5.0,False
AZ,greenlee,04011,Greenlee County,Arizona,9321,1842.838,5.06,6.0,False
AZ,la paz,04012,La Paz County,Arizona,16555,4496.579,3.68,6.0,False
AZ,maricopa,04013,Maricopa County,Arizona,4564457,9202.016,496.03,1.0,False
AZ,mohave,04015,Mohave County,Arizona,220947,13332.117,16.57,4.0,False
AZ,navajo,04017,Navajo County,Arizona,108771,9949.496,10.93,5.0,False
AZ,pima,04019,Pima County,Arizona,1059412,9188.683,115.3,1.0,False
AZ,pinal,04021,Pinal County,Arizona,465476,5366.677,86.73,2.0,False
AZ,santa cruz,04023,Santa Cruz County,Arizona,48801,1236.26,39.47,5.0,False
AZ,yavapai,04025,Yavapai County,Arizona,246266,8122.932,30.32,4.0,False
AZ,yuma,04027,Yuma County,Arizona,209538,5513.82,38.0,4.0,False
CA,alameda,06001,Alameda County,California,1635693,737.459,2218.01,1.0,False
CA,alpine,06003,Alpine County,California,1169,738.34,1.58,5.0,False
CA,amador,06005,Amador County,California,41486,594.585,69.77,6.0,False
CA,butte,06007,Butte County,California,207384,1636.512,126.72,4.0,False
CA,calaveras,06009,Calaveras County,California,46544,1020.016,45.63,6.0,False
CA,colusa,06011,Colusa County,California,21952,1150.679,19.08,6.0,False
CA,contra costa,06013,Contra Costa County,California,1160296,716.897,1618.5,2.0,False
CA,del norte,06015,Del Norte County,California,26758,1006.202,26.59,5.0,False
CA,el dorado,06017,El Dorado County,California,193071,1707.841,113.05,2.0,False
CA,fresno,06019,Fresno County,California,1017107,5958.582,170.7,1.0,False
CA,glenn,06021,Glenn County,California,28371,1313.976,21.59,6.0,False
CA,humboldt,06023,Humboldt County,California,135013,3568.024,37.84,5.0,False
CA,imperial,06025,Imperial County,California,179767,4175.528,43.05,4.0,False
CA,inyo,06027,Inyo County,California,18745,10197.261,1.84,5.0,False
CA,kern,06029,Kern County,California,917293,8134.673,112.76,3.0,False
CA,kings,06031,Kings County,California,152776,1390.972,109.83,4.0,False
CA,lake,06033,Lake County,California,68239,1255.1,54.37,5.0,False
CA,lassen,06035,Lassen County,California,30401,4541.369,6.69,5.0,False
CA,los angeles,06037,Los Angeles County,California,9748447,4060.254,2400.95,1.0,False
CA,madera,06039,Madera County,California,160414,2136.709,75.08,2.0,False
CA,marin,06041,Marin County,California,257143,520.141,494.37,2.0,False
CA,mariposa,06043,Mariposa County,California,17095,1448.84,11.8,6.0,False
CA,mendocino,06045,Mendocino County,California,90027,3506.807,25.67,5.0,False
CA,merced,06047,Merced County,California,292034,1938.004,150.69,3.0,False
CA,modoc,06049,Modoc County,California,8625,3948.233,2.18,6.0,False
CA,mono,06051,Mono County,California,13055,3048.904,4.28,6.0,False
CA,monterey,06053,Monterey County,California,436427,3281.718,132.99,3.0,False
CA,napa,06055,Napa County,California,134492,751.975,178.85,4.0,False
CA,nevada,06057,Nevada County,California,102356,957.76,106.87,5.0,False
CA,orange,06059,Orange County,California,3158489,792.867,3983.63,1.0,False
CA,placer,06061,Placer County,California,418439,1407.073,297.38,2.0,False
CA,plumas,06063,Plumas County,California,19433,2553.062,7.61,6.0,False
CA,riverside,06065,Riverside County,California,2479628,7209.254,343.95,1.0,False
CA,sacramento,06067,Sacramento County,California,1588743,965.28,1645.89,1.0,False
CA,san benito,06069,San Benito County,California,67715,1388.652,48.76,2.0,False
CA,san bernardino,06071,San Bernardino County,California,2196029,20068.167,109.43,2.0,False
CA,san diego,06073,San Diego County,California,3283755,4210.462,779.9,1.0,False
CA,san francisco,06075,San Francisco County,California,814176,46.685,17439.78,1.0,False
CA,san joaquin,06077,San Joaquin County,California,795880,1392.238,571.66,3.0,False
CA,san luis obispo,06079,San Luis Obispo County,California,282535,3300.842,85.59,3.0,False
CA,san mateo,06081,San Mateo County,California,732485,448.62,1632.75,2.0,False
CA,santa barbara,06083,Santa Barbara County,California,445286,2733.941,162.87,3.0,False
CA,santa clara,06085,Santa Clara County,California,1883653,1291.084,1458.97,1.0,False
CA,santa cruz,06087,Santa Cruz County,California,265851,445.106,597.28,3.0,False
CA,shasta,06089,Shasta County,California,180972,3775.651,47.93,4.0,False
CA,sierra,06091,Sierra County,California,3215,953.168,3.37,6.0,False
CA,siskiyou,06093,Siskiyou County,California,43746,6278.767,6.97,6.0,False
CA,solano,06095,Solano County,California,449724,821.736,547.29,3.0,False
CA,sonoma,06097,Sonoma County,California,483398,1575.337,306.85,3.0,False
CA,stanislaus,06099,Stanislaus County,California,552410,1496.15,369.22,3.0,False
CA,sutter,06101,Sutter County,California,98682,602.696,163.73,4.0,False
CA,tehama,06103,Tehama County,California,65269,2949.137,22.13,5.0,False
CA,trinity,06105,Trinity County,California,15777,3179.268,4.96,6.0,False
CA,tulare,06107,Tulare County,California,478288,4823.9,99.15,3.0,False
CA,tuolumne,06109,Tuolumne County,California,53951,2220.912,24.29,5.0,False
CA,ventura,06111,Ventura County,California,835032,1840.78,453.63,3.0,False
CA,yolo,06113,Yolo County,California,223338,1012.988,220.47,2.0,False
CA,yuba,06115,Yuba County,California,84335,632.006,133.44,4.0,False
CO,adams,08001,Adams County,Colorado,528356,1166.792,452.83,2.0,False
CO,alamosa,08003,Alamosa County,Colorado,16593,722.645,22.96,5.0,False
CO,arapahoe,08005,Arapahoe County,Colorado,658176,797.887,824.9,1.0,False
CO,archuleta,08007,Archuleta County,Colorado,13987,1350.088,10.36,6.0,False
CO,baca,08009,Baca County,Colorado,3435,2554.993,1.34,6.0,False
CO,bent,08011,Bent County,Colorado,5430,1512.847,3.59,6.0,False
CO,boulder,08013,Boulder County,Colorado,328039,726.408,451.59,3.0,False
CO,broomfield,08014,Broomfield County,Colorado,76245,32.968,2312.7,2.0,False
CO,chaffee,08015,Chaffee County,Colorado,20266,1013.408,20.0,6.0,False
CO,cheyenne,08017,Cheyenne County,Colorado,1734,1778.276,0.98,6.0,False
CO,clear creek,08019,Clear Creek County,Colorado,9324,395.073,23.6,2.0,False
CO,conejos,08021,Conejos County,Colorado,7560,1287.428,5.87,5.0,False
CO,costilla,08023,Costilla County,Colorado,3609,1227.593,2.94,5.0,False
CO,crowley,08025,Crowley County,Colorado,5601,787.428,7.11,6.0,False
CO,custer,08027,Custer County,Colorado,5343,738.626,7.23,6.0,False
CO,delta,08029,Delta County,Colorado,31573,1142.125,27.64,6.0,False
CO,denver,08031,Denver County,Colorado,714851,153.074,4669.97,1.0,False
CO,dolores,08033,Dolores County,Colorado,2460,1067.17,2.31,6.0,False
CO,douglas,08035,Douglas County,Colorado,376462,840.888,447.7,2.0,False
CO,eagle,08037,Eagle County,Colorado,55303,1684.47,32.83,5.0,False
CO,el paso,08041,El Paso County,Colorado,742676,2126.416,349.26,3.0,False
CO,elbert,08039,Elbert County,Colorado,27817,1850.086,15.04,2.0,False
CO,fremont,08043,Fremont County,Colorado,49585,1533.835,32.33,5.0,False
CO,garfield,08045,Garfield County,Colorado,62388,2947.425,21.17,5.0,False
CO,gilpin,08047,Gilpin County,Colorado,5910,150.023,39.39,2.0,False
CO,grand,08049,Grand County,Colorado,15748,1846.447,8.53,6.0,False
CO,gunnison,08051,Gunnison County,Colorado,17319,3239.14,5.35,6.0,False
CO,hinsdale,08053,Hinsdale County,Colorado,773,1117.231,0.69,6.0,False
CO,huerfano,08055,Huerfano County,Colorado,7077,1591.033,4.45,6.0,False
CO,jackson,08057,Jackson County,Colorado,1314,1613.726,0.81,6.0,False
CO,jefferson,08059,Jefferson County,Colorado,576635,764.39,754.37,2.0,False
CO,kiowa,08061,Kiowa County,Colorado,1430,1767.809,0.81,6.0,False
CO,kit carson,08063,Kit Carson County,Colorado,7010,2160.822,3.24,6.0,False
CO,la plata,08067,La Plata County,Colorado,56577,1689.682,33.48,5.0,False
CO,lake,08065,Lake County,Colorado,7356,376.919,19.52,5.0,False
CO,larimer,08069,Larimer County,Colorado,368017,2595.746,141.78,3.0,False
CO,las animas,08071,Las Animas County,Colorado,14312,4772.938,3.0,6.0,False
CO,lincoln,08073,Lincoln County,Colorado,5520,2577.73,2.14,6.0,False
CO,logan,08075,Logan County,Colorado,20829,1838.599,11.33,5.0,False
CO,mesa,08077,Mesa County,Colorado,158585,3328.721,47.64,4.0,False
CO,mineral,08079,Mineral County,Colorado,923,875.76,1.05,6.0,False
CO,moffat,08081,Moffat County,Colorado,13172,4743.244,2.78,5.0,False
CO,montezuma,08083,Montezuma County,Colorado,26491,2029.349,13.05,6.0,False
CO,montrose,08085,Montrose County,Colorado,43845,2240.946,19.57,5.0,False
CO,morgan,08087,Morgan County,Colorado,29392,1280.485,22.95,5.0,False
CO,otero,08089,Otero County,Colorado,18272,1261.946,14.48,6.0,False
CO,ouray,08091,Ouray County,Colorado,5108,540.671,9.45,6.0,False
CO,park,08093,Park County,Colorado,17929,2193.51,8.17,2.0,False
CO,phillips,08095,Phillips County,Colorado,4464,687.928,6.49,6.0,False
CO,pitkin,08097,Pitkin County,Colorado,16877,970.701,17.39,5.0,False
CO,prowers,08099,Prowers County,Colorado,11834,1638.407,7.22,6.0,False
CO,pueblo,08101,Pueblo County,Colorado,169485,2386.591,71.02,4.0,False
CO,rio blanco,08103,Rio Blanco County,Colorado,6561,3220.971,2.04,6.0,False
CO,rio grande,08105,Rio Grande County,Colorado,11329,911.956,12.42,6.0,False
CO,routt,08107,Routt County,Colorado,25112,2362.02,10.63,5.0,False
CO,saguache,08109,Saguache County,Colorado,6632,3168.566,2.09,6.0,False
CO,san juan,08111,San Juan County,Colorado,796,387.516,2.05,6.0,False
CO,san miguel,08113,San Miguel County,Colorado,8011,1286.725,6.23,6.0,False
CO,sedgwick,08115,Sedgwick County,Colorado,2294,548.041,4.19,6.0,False
CO,summit,08117,Summit County,Colorado,30905,608.328,50.8,5.0,False
CO,teller,08119,Teller County,Colorado,24858,557.141,44.62,3.0,False
CO,washington,08121,Washington County,Colorado,4840,2518.084,1.92,6.0,False
CO,weld,08123,Weld County,Colorado,350610,3984.958,87.98,3.0,False
CO,yuma,08125,Yuma County,Colorado,9970,2364.399,4.22,6.0,False
CT,capitol planning region,09110,Capitol Planning Region,Connecticut,975591,1027.354,949.62,1.0,False
CT,greater bridgeport planning region,09120,Greater Bridgeport Planning Region,Connecticut,328131,140.181,2340.77,3.0,False
CT,lower connecticut river valley planning region,09130,Lower Connecticut River Valley Planning Region,Connecticut,176159,424.117,415.35,2.0,False
CT,naugatuck valley planning region,09140,Naugatuck Valley Planning Region,Connecticut,453868,412.784,1099.53,3.0,False
CT,northeastern connecticut planning region,09150,Northeastern Connecticut Planning Region,Connecticut,96169,553.895,173.62,5.0,False
CT,northwest hills planning region,09160,Northwest Hills Planning Region,Connecticut,113289,786.642,144.02,5.0,False
CT,south central connecticut planning region,09170,South Central Connecticut Planning Region,Connecticut,569866,367.252,1551.7,3.0,False
CT,southeastern connecticut planning region,09180,Southeastern Connecticut Planning Region,Connecticut,279398,598.139,467.11,3.0,False
CT,western connecticut planning region,09190,Western Connecticut Planning Region,Connecticut,625454,532.129,1175.38,3.0,False
DC,district of columbia,11001,District of Columbia,District of Columbia,676725,61.126,11070.98,1.0,False
DE,kent,10001,Kent County,Delaware,187819,586.061,320.48,4.0,False
DE,new castle,10003,New Castle County,Delaware,576316,426.338,1351.78,2.0,False
DE,sussex,10005,Sussex County,Delaware,256490,936.14,273.99,5.0,False
FL,alachua,12001,Alachua County,Florida,285241,875.646,325.75,3.0,False
FL,baker,12003,Baker County,Florida,27781,585.23,47.47,2.0,False
FL,bay,12005,Bay County,Florida,185732,758.622,244.83,4.0,False
FL,bradford,12007,Bradford County,Florida,27275,293.966,92.78,6.0,False
FL,brevard,12009,Brevard County,Florida,631956,1014.967,622.64,3.0,False
FL,broward,12011,Broward County,Florida,1966237,1202.9,1634.58,2.0,False
FL,calhoun,12013,Calhoun County,Florida,13462,567.336,23.73,6.0,False
FL,charlotte,12015,Charlotte County,Florida,203113,681.117,298.21,4.0,False
FL,citrus,12017,Citrus County,Florida,162586,581.934,279.39,4.0,False
FL,clay,12019,Clay County,Florida,226797,604.598,375.12,2.0,False
FL,collier,12021,Collier County,Florida,400510,1996.995,200.56,3.0,False
FL,columbia,12023,Columbia County,Florida,71941,797.377,90.22,5.0,False
FL,desoto,12027,DeSoto County,Florida,35483,636.695,55.73,5.0,False
FL,dixie,12029,Dixie County,Florida,16839,705.035,23.88,6.0,False
FL,duval,12031,Duval County,Florida,1021040,762.623,1338.85,1.0,False
FL,escambia,12033,Escambia County,Florida,324227,656.997,493.5,3.0,False
FL,flagler,12035,Flagler County,Florida,126974,486.191,261.16,3.0,False
FL,franklin,12037,Franklin County,Florida,12491,544.999,22.92,6.0,False
FL,gadsden,12039,Gadsden County,Florida,43389,516.375,84.03,3.0,False
FL,gilchrist,12041,Gilchrist County,Florida,19027,349.695,54.41,3.0,False
FL,glades,12043,Glades County,Florida,12496,806.822,15.49,5.0,False
FL,gulf,12045,Gulf County,Florida,15302,553.467,27.65,6.0,False
FL,hamilton,12047,Hamilton County,Florida,13216,514.295,25.7,6.0,False
FL,hardee,12049,Hardee County,Florida,25692,637.569,40.3,6.0,False
FL,hendry,12051,Hendry County,Florida,41725,1155.95,36.1,5.0,False
FL,hernando,12053,Hernando County,Florida,207169,472.967,438.02,2.0,False
FL,highlands,12055,Highlands County,Florida,105954,1017.664,104.11,4.0,False
FL,hillsborough,12057,Hillsborough County,Florida,1523839,1022.537,1490.25,1.0,False
FL,holmes,12059,Holmes County,Florida,19324,478.858,40.35,6.0,False
FL,indian river,12061,Indian River County,Florida,167698,502.553,333.69,4.0,False
FL,jackson,12063,Jackson County,Florida,48294,918.238,52.59,6.0,False
FL,jefferson,12065,Jefferson County,Florida,15090,598.079,25.23,3.0,False
FL,lafayette,12067,Lafayette County,Florida,7786,543.345,14.33,6.0,False
FL,lake,12069,Lake County,Florida,410981,952.139,431.64,2.0,False
FL,lee,12071,Lee County,Florida,826567,781.154,1058.14,3.0,False
FL,leon,12073,Leon County,Florida,298181,668.428,446.09,3.0,False
FL,levy,12075,Levy County,Florida,45291,1118.255,40.5,3.0,False
FL,liberty,12077,Liberty County,Florida,7609,835.563,9.11,6.0,False
FL,madison,12079,Madison County,Florida,17978,696.529,25.81,6.0,False
FL,manatee,12081,Manatee County,Florida,430700,742.762,579.86,3.0,False
FL,marion,12083,Marion County,Florida,396661,1588.434,249.72,3.0,False
FL,martin,12085,Martin County,Florida,162379,543.823,298.59,3.0,False
FL,miami-dade,12086,Miami-Dade County,Florida,2713415,1899.954,1428.15,1.0,False
FL,monroe,12087,Monroe County,Florida,82002,983.034,83.42,5.0,False
FL,nassau,12089,Nassau County,Florida,97891,648.681,150.91,2.0,False
FL,okaloosa,12091,Okaloosa County,Florida,217115,929.826,233.5,3.0,False
FL,okeechobee,12093,Okeechobee County,Florida,40416,769.286,52.54,5.0,False
FL,orange,12095,Orange County,Florida,1465146,903.032,1622.47,1.0,False
FL,osceola,12097,Osceola County,Florida,426556,1327.5,321.32,2.0,False
FL,palm beach,12099,Palm Beach County,Florida,1531542,1964.32,779.68,2.0,False
FL,pasco,12101,Pasco County,Florida,610584,746.606,817.81,2.0,False
FL,pinellas,12103,Pinellas County,Florida,964693,273.789,3523.49,1.0,False
FL,polk,12105,Polk County,Florida,790530,1798.235,439.61,3.0,False
FL,putnam,12107,Putnam County,Florida,74805,728.392,102.7,5.0,False
FL,santa rosa,12113,Santa Rosa County,Florida,198363,1012.402,195.93,3.0,False
FL,sarasota,12115,Sarasota County,Florida,464067,556.026,834.61,3.0,False
FL,seminole,12117,Seminole County,Florida,481084,309.368,1555.05,2.0,False
FL,st johns,12109,St. Johns County,Florida,307837,600.645,512.51,2.0,False
FL,st lucie,12111,St. Lucie County,Florida,359882,571.874,629.3,3.0,False
FL,sumter,12119,Sumter County,Florida,144978,557.144,260.22,4.0,False
FL,suwannee,12121,Suwannee County,Florida,45370,688.586,65.89,6.0,False
FL,taylor,12123,Taylor County,Florida,21347,1043.337,20.46,6.0,False
FL,union,12125,Union County,Florida,15490,243.555,63.6,6.0,False
FL,volusia,12127,Volusia County,Florida,580481,1101.116,527.18,3.0,False
FL,wakulla,12129,Wakulla County,Florida,35159,606.418,57.98,3.0,False
FL,walton,12131,Walton County,Florida,83100,1038.304,80.03,3.0,False
FL,washington,12133,Washington County,Florida,25426,584.677,43.49,4.0,False
GA,appling,13001,Appling County,Georgia,18479,508.263,36.36,6.0,False
GA,atkinson,13003,Atkinson County,Georgia,8236,342.721,24.03,5.0,False
GA,bacon,13005,Bacon County,Georgia,11174,284.085,39.33,6.0,False
GA,baker,13007,Baker County,Georgia,2796,341.957,8.18,6.0,False
GA,baldwin,13009,Baldwin County,Georgia,43649,258.699,168.73,5.0,False
GA,banks,13011,Banks County,Georgia,19404,232.657,83.4,6.0,False
GA,barrow,13013,Barrow County,Georgia,89359,161.052,554.85,2.0,False
GA,bartow,13015,Bartow County,Georgia,112805,458.912,245.81,2.0,False
GA,ben hill,13017,Ben Hill County,Georgia,17055,250.118,68.19,5.0,False
GA,berrien,13019,Berrien County,Georgia,18238,453.376,40.23,6.0,False
GA,bibb,13021,Bibb County,Georgia,156115,249.383,626.0,4.0,False
GA,bleckley,13023,Bleckley County,Georgia,12270,215.878,56.84,6.0,False
GA,brantley,13025,Brantley County,Georgia,18196,443.235,41.05,4.0,False
GA,brooks,13027,Brooks County,Georgia,16300,493.184,33.05,4.0,False
GA,bryan,13029,Bryan County,Georgia,48316,437.564,110.42,3.0,False
GA,bulloch,13031,Bulloch County,Georgia,83027,675.963,122.83,5.0,False
GA,burke,13033,Burke County,Georgia,24433,827.042,29.54,3.0,False
GA,butts,13035,Butts County,Georgia,26745,183.69,145.6,2.0,False
GA,calhoun,13037,Calhoun County,Georgia,5471,280.384,19.51,6.0,False
GA,camden,13039,Camden County,Georgia,57036,630.272,90.49,5.0,False
GA,candler,13043,Candler County,Georgia,11000,243.059,45.26,6.0,False
GA,carroll,13045,Carroll County,Georgia,124564,499.116,249.57,2.0,False
GA,catoosa,13047,Catoosa County,Georgia,68840,162.162,424.51,3.0,False
GA,charlton,13049,Charlton County,Georgia,12781,780.087,16.38,6.0,False
GA,chatham,13051,Chatham County,Georgia,301512,432.719,696.78,3.0,False
GA,chattahoochee,13053,Chattahoochee County,Georgia,8773,248.737,35.27,3.0,False
GA,chattooga,13055,Chattooga County,Georgia,24921,313.327,79.54,5.0,False
GA,cherokee,13057,Cherokee County,Georgia,281455,420.955,668.61,2.0,False
GA,clarke,13059,Clarke County,Georgia,129954,119.3,1089.3,4.0,False
GA,clay,13061,Clay County,Georgia,2862,195.404,14.65,6.0,False
GA,clayton,13063,Clayton County,Georgia,298862,141.703,2109.07,2.0,False
GA,clinch,13065,Clinch County,Georgia,6684,815.0,8.2,6.0,False
GA,cobb,13067,Cobb County,Georgia,774162,339.69,2279.02,2.0,False
GA,coffee,13069,Coffee County,Georgia,43311,592.249,73.13,5.0,False
GA,colquitt,13071,Colquitt County,Georgia,45952,547.067,84.0,5.0,False
GA,columbia,13073,Columbia County,Georgia,162681,290.194,560.59,3.0,False
GA,cook,13075,Cook County,Georgia,17414,228.454,76.23,6.0,False
GA,coweta,13077,Coweta County,Georgia,153002,440.996,346.95,2.0,False
GA,crawford,13079,Crawford County,Georgia,12197,324.914,37.54,4.0,False
GA,crisp,13081,Crisp County,Georgia,19755,272.68,72.45,5.0,False
GA,dade,13083,Dade County,Georgia,16114,174.076,92.57,3.0,False
GA,dawson,13085,Dawson County,Georgia,30175,210.828,143.13,2.0,False
GA,decatur,13087,Decatur County,Georgia,29038,597.239,48.62,5.0,False
GA,dekalb,13089,DeKalb County,Georgia,764440,267.666,2855.95,2.0,False
GA,dodge,13091,Dodge County,Georgia,19903,495.969,40.13,6.0,False
GA,dooly,13093,Dooly County,Georgia,10639,392.631,27.1,6.0,False
GA,dougherty,13095,Dougherty County,Georgia,82972,328.644,252.47,4.0,False
GA,douglas,13097,Douglas County,Georgia,147690,200.136,737.95,2.0,False
GA,early,13099,Early County,Georgia,10567,512.6,20.61,6.0,False
GA,echols,13101,Echols County,Georgia,3694,420.407,8.79,4.0,False
GA,effingham,13103,Effingham County,Georgia,69030,478.83,144.16,3.0,False
GA,elbert,13105,Elbert County,Georgia,19853,351.103,56.54,6.0,False
GA,emanuel,13107,Emanuel County,Georgia,22953,680.574,33.73,6.0,False
GA,evans,13109,Evans County,Georgia,10662,182.893,58.3,5.0,False
GA,fannin,13111,Fannin County,Georgia,25702,387.106,66.4,6.0,False
GA,fayette,13113,Fayette County,Georgia,122150,194.695,627.39,2.0,False
GA,floyd,13115,Floyd County,Georgia,99586,509.833,195.33,4.0,False
GA,forsyth,13117,Forsyth County,Georgia,268075,224.617,1193.48,2.0,False
GA,franklin,13119,Franklin County,Georgia,24151,261.342,92.41,6.0,False
GA,fulton,13121,Fulton County,Georgia,1076569,526.83,2043.48,1.0,False
GA,gilmer,13123,Gilmer County,Georgia,32413,426.181,76.05,6.0,False
GA,glascock,13125,Glascock County,Georgia,2919,143.746,20.31,6.0,False
GA,glynn,13127,Glynn County,Georgia,85202,419.623,203.04,4.0,False
GA,gordon,13129,Gordon County,Georgia,58909,356.457,165.26,5.0,False
GA,grady,13131,Grady County,Georgia,26056,454.462,57.33,5.0,False
GA,greene,13133,Greene County,Georgia,20136,387.517,51.96,6.0,False
GA,gwinnett,13135,Gwinnett County,Georgia,980015,431.126,2273.15,2.0,False
GA,habersham,13137,Habersham County,Georgia,47558,276.867,171.77,5.0,False
GA,hall,13139,Hall County,Georgia,213126,392.469,543.04,4.0,False
GA,hancock,13141,Hancock County,Georgia,8453,471.067,17.94,6.0,False
GA,haralson,13143,Haralson County,Georgia,31340,282.165,111.07,2.0,False
GA,harris,13145,Harris County,Georgia,36308,463.818,78.28,3.0,False
GA,hart,13147,Hart County,Georgia,26877,232.422,115.64,6.0,False
GA,heard,13149,Heard County,Georgia,11720,295.973,39.6,2.0,False
GA,henry,13151,Henry County,Georgia,248559,318.709,779.89,2.0,False
GA,houston,13153,Houston County,Georgia,169791,376.155,451.39,4.0,False
GA,irwin,13155,Irwin County,Georgia,9121,354.363,25.74,6.0,False
GA,jackson,13157,Jackson County,Georgia,84102,339.698,247.58,5.0,False
GA,jasper,13159,Jasper County,Georgia,15985,368.406,43.39,2.0,False
GA,jeff davis,13161,Jeff Davis County,Georgia,14909,330.919,45.05,6.0,False
GA,jefferson,13163,Jefferson County,Georgia,15318,526.555,29.09,6.0,False
GA,jenkins,13165,Jenkins County,Georgia,8661,347.378,24.93,6.0,False
GA,johnson,13167,Johnson County,Georgia,9255,303.019,30.54,5.0,False
GA,jones,13169,Jones County,Georgia,28514,393.942,72.38,4.0,False
GA,lamar,13171,Lamar County,Georgia,19489,183.501,106.21,6.0,False
GA,lanier,13173,Lanier County,Georgia,10207,196.538,51.93,4.0,False
GA,laurens,13175,Laurens County,Georgia,49705,807.336,61.57,5.0,False
GA,lee,13177,Lee County,Georgia,33699,355.844,94.7,4.0,False
GA,liberty,13179,Liberty County,Georgia,68031,516.463,131.72,4.0,False
GA,lincoln,13181,Lincoln County,Georgia,7872,210.381,37.42,3.0,False
GA,long,13183,Long County,Georgia,18409,400.399,45.98,4.0,False
GA,lowndes,13185,Lowndes County,Georgia,119547,497.25,240.42,4.0,False
GA,lumpkin,13187,Lumpkin County,Georgia,34763,282.944,122.86,2.0,False
GA,macon,13193,Macon County,Georgia,11778,400.662,29.4,6.0,False
GA,madison,13195,Madison County,Georgia,31447,282.324,111.39,4.0,False
GA,marion,13197,Marion County,Georgia,7464,365.721,20.41,3.0,False
GA,mcduffie,13189,McDuffie County,Georgia,21727,257.379,84.42,3.0,False
GA,mcintosh,13191,McIntosh County,Georgia,11190,431.347,25.94,4.0,False
GA,meriwether,13199,Meriwether County,Georgia,20892,500.907,41.71,2.0,False
GA,miller,13201,Miller County,Georgia,5790,282.423,20.5,6.0,False
GA,mitchell,13205,Mitchell County,Georgia,21182,512.158,41.36,6.0,False
GA,monroe,13207,Monroe County,Georgia,29455,396.092,74.36,4.0,False
GA,montgomery,13209,Montgomery County,Georgia,8656,241.145,35.9,5.0,False
GA,morgan,13211,Morgan County,Georgia,21048,347.411,60.59,2.0,False
GA,murray,13213,Murray County,Georgia,40432,344.494,117.37,4.0,False
GA,muscogee,13215,Muscogee County,Georgia,202658,216.5,936.06,3.0,False
GA,newton,13217,Newton County,Georgia,117970,273.814,430.84,2.0,False
GA,oconee,13219,Oconee County,Georgia,43676,184.349,236.92,4.0,False
GA,oglethorpe,13221,Oglethorpe County,Georgia,15532,439.062,35.38,4.0,False
GA,paulding,13223,Paulding County,Georgia,178885,312.385,572.64,2.0,False
GA,peach,13225,Peach County,Georgia,28484,150.284,189.53,4.0,False
GA,pickens,13227,Pickens County,Georgia,34817,232.055,150.04,2.0,False
GA,pierce,13229,Pierce County,Georgia,20176,340.464,59.26,5.0,False
GA,pike,13231,Pike County,Georgia,19936,216.086,92.26,2.0,False
GA,polk,13233,Polk County,Georgia,43706,310.34,140.83,5.0,False
GA,pulaski,13235,Pulaski County,Georgia,9953,249.261,39.93,6.0,False
GA,putnam,13237,Putnam County,Georgia,22928,344.682,66.52,6.0,False
GA,quitman,13239,Quitman County,Georgia,2254,151.237,14.9,5.0,False
GA,rabun,13241,Rabun County,Georgia,17292,370.137,46.72,6.0,False
GA,randolph,13243,Randolph County,Georgia,6155,428.236,14.37,6.0,False
GA,richmond,13245,Richmond County,Georgia,206510,324.34,636.71,3.0,False
GA,rockdale,13247,Rockdale County,Georgia,95016,129.819,731.91,2.0,False
GA,schley,13249,Schley County,Georgia,4503,166.909,26.98,5.0,False
GA,screven,13251,Screven County,Georgia,13977,645.821,21.64,6.0,False
GA,seminole,13253,Seminole County,Georgia,9129,237.551,38.43,6.0,False
GA,spalding,13255,Spalding County,Georgia,69015,195.97,352.17,2.0,False
GA,stephens,13257,Stephens County,Georgia,26724,178.862,149.41,5.0,False
GA,stewart,13259,Stewart County,Georgia,4634,458.766,10.1,3.0,False
GA,sumter,13261,Sumter County,Georgia,28880,482.877,59.81,5.0,False
GA,talbot,13263,Talbot County,Georgia,5759,391.377,14.71,3.0,False
GA,taliaferro,13265,Taliaferro County,Georgia,1600,194.607,8.22,6.0,False
GA,tattnall,13267,Tattnall County,Georgia,24012,480.84,49.94,6.0,False
GA,taylor,13269,Taylor County,Georgia,7767,376.686,20.62,6.0,False
GA,telfair,13271,Telfair County,Georgia,12416,437.307,28.39,6.0,False
GA,terrell,13273,Terrell County,Georgia,8782,335.791,26.15,4.0,False
GA,thomas,13275,Thomas County,Georgia,45542,544.633,83.62,5.0,False
GA,tift,13277,Tift County,Georgia,41378,260.89,158.6,5.0,False
GA,toombs,13279,Toombs County,Georgia,26881,364.015,73.85,5.0,False
GA,towns,13281,Towns County,Georgia,12944,166.479,77.75,6.0,False
GA,treutlen,13283,Treutlen County,Georgia,6353,199.431,31.86,6.0,False
GA,troup,13285,Troup County,Georgia,70297,414.015,169.79,5.0,False
GA,turner,13287,Turner County,Georgia,8842,285.417,30.98,5.0,False
GA,twiggs,13289,Twiggs County,Georgia,7688,359.26,21.4,4.0,False
GA,union,13291,Union County,Georgia,26400,322.083,81.97,6.0,False
GA,upson,13293,Upson County,Georgia,28098,323.467,86.87,5.0,False
GA,walker,13295,Walker County,Georgia,68887,446.286,154.36,3.0,False
GA,walton,13297,Walton County,Georgia,103056,326.82,315.33,2.0,False
GA,ware,13299,Ware County,Georgia,35608,899.241,39.6,5.0,False
GA,warren,13301,Warren County,Georgia,5168,284.368,18.17,6.0,False
GA,washington,13303,Washington County,Georgia,19791,678.526,29.17,6.0,False
GA,wayne,13305,Wayne County,Georgia,30786,641.813,47.97,5.0,False
GA,webster,13307,Webster County,Georgia,2351,209.657,11.21,6.0,False
GA,wheeler,13309,Wheeler County,Georgia,7307,295.49,24.73,6.0,False
GA,white,13311,White County,Georgia,28810,240.773,119.66,6.0,False
GA,whitfield,13313,Whitfield County,Georgia,103252,290.445,355.5,4.0,False
GA,wilcox,13315,Wilcox County,Georgia,8747,377.811,23.15,6.0,False
GA,wilkes,13317,Wilkes County,Georgia,9585,469.504,20.42,6.0,False
GA,wilkinson,13319,Wilkinson County,Georgia,8689,449.223,19.34,6.0,False
GA,worth,13321,Worth County,Georgia,20420,570.691,35.78,4.0,False
HI,hawaii,15001,Hawaii County,Hawaii,206324,4028.431,51.22,5.0,False
HI,honolulu,15003,Honolulu County,Hawaii,995652,600.786,1657.25,3.0,False
HI,kalawao,15005,Kalawao County,Hawaii,81,11.991,6.76,4.0,False
HI,kauai,15007,Kauai County,Hawaii,73823,619.84,119.1,5.0,False
HI,maui,15009,Maui County,Hawaii,164479,1161.54,141.6,4.0,False
IA,adair,19001,Adair County,Iowa,7457,569.271,13.1,6.0,False
IA,adams,19003,Adams County,Iowa,3602,423.433,8.51,6.0,False
IA,allamakee,19005,Allamakee County,Iowa,14072,639.071,22.02,6.0,False
IA,appanoose,19007,Appanoose County,Iowa,12135,497.299,24.4,6.0,False
IA,audubon,19009,Audubon County,Iowa,5573,442.96,12.58,6.0,False
IA,benton,19011,Benton County,Iowa,25756,716.102,35.97,3.0,False
IA,black hawk,19013,Black Hawk County,Iowa,130081,565.773,229.92,4.0,False
IA,boone,19015,Boone County,Iowa,26570,570.461,46.58,4.0,False
IA,bremer,19017,Bremer County,Iowa,25260,435.479,58.01,4.0,False
IA,buchanan,19019,Buchanan County,Iowa,20700,571.084,36.25,6.0,False
IA,buena vista,19021,Buena Vista County,Iowa,20651,574.899,35.92,5.0,False
IA,butler,19023,Butler County,Iowa,14275,580.138,24.61,6.0,False
IA,calhoun,19025,Calhoun County,Iowa,9725,569.846,17.07,6.0,False
IA,carroll,19027,Carroll County,Iowa,20565,569.453,36.11,5.0,False
IA,cass,19029,Cass County,Iowa,13125,564.258,23.26,6.0,False
IA,cedar,19031,Cedar County,Iowa,18331,579.462,31.63,6.0,False
IA,cerro gordo,19033,Cerro Gordo County,Iowa,42408,568.302,74.62,5.0,False
IA,cherokee,19035,Cherokee County,Iowa,11492,576.907,19.92,6.0,False
IA,chickasaw,19037,Chickasaw County,Iowa,11755,504.324,23.31,6.0,False
IA,clarke,19039,Clarke County,Iowa,9676,431.111,22.44,6.0,False
IA,clay,19041,Clay County,Iowa,16506,567.238,29.1,5.0,False
IA,clayton,19043,Clayton County,Iowa,17058,778.464,21.91,6.0,False
IA,clinton,19045,Clinton County,Iowa,46268,694.959,66.58,5.0,False
IA,crawford,19047,Crawford County,Iowa,16135,714.198,22.59,6.0,False
IA,dallas,19049,Dallas County,Iowa,108164,588.23,183.88,3.0,False
IA,davis,19051,Davis County,Iowa,9158,502.188,18.24,6.0,False
IA,decatur,19053,Decatur County,Iowa,7822,531.883,14.71,6.0,False
IA,delaware,19055,Delaware County,Iowa,17590,577.684,30.45,6.0,False
IA,des moines,19057,Des Moines County,Iowa,38258,416.129,91.94,5.0,False
IA,dickinson,19059,Dickinson County,Iowa,18052,380.532,47.44,5.0,False
IA,dubuque,19061,Dubuque County,Iowa,98748,608.299,162.33,4.0,False
IA,emmet,19063,Emmet County,Iowa,9197,395.89,23.23,6.0,False
IA,fayette,19065,Fayette County,Iowa,19292,730.817,26.4,6.0,False
IA,floyd,19067,Floyd County,Iowa,15316,500.571,30.6,6.0,False
IA,franklin,19069,Franklin County,Iowa,9918,581.972,17.04,6.0,False
IA,fremont,19071,Fremont County,Iowa,6465,511.168,12.65,6.0,False
IA,greene,19073,Greene County,Iowa,8707,569.558,15.29,6.0,False
IA,grundy,19075,Grundy County,Iowa,12379,501.855,24.67,4.0,False
IA,guthrie,19077,Guthrie County,Iowa,10687,590.614,18.09,3.0,False
IA,hamilton,19079,Hamilton County,Iowa,14848,576.731,25.75,6.0,False
IA,hancock,19081,Hancock County,Iowa,10664,571.005,18.68,6.0,False
IA,hardin,19083,Hardin County,Iowa,16677,569.307,29.29,6.0,False
IA,harrison,19085,Harrison County,Iowa,14635,696.874,21.0,3.0,False
IA,henry,19087,Henry County,Iowa,20253,434.288,46.63,6.0,False
IA,howard,19089,Howard County,Iowa,9502,473.247,20.08,6.0,False
IA,humboldt,19091,Humboldt County,Iowa,9545,434.372,21.97,6.0,False
IA,ida,19093,Ida County,Iowa,6900,431.513,15.99,6.0,False
IA,iowa,19095,Iowa County,Iowa,16491,586.455,28.12,6.0,False
IA,jackson,19097,Jackson County,Iowa,19350,636.047,30.42,6.0,False
IA,jasper,19099,Jasper County,Iowa,37966,730.428,51.98,3.0,False
IA,jefferson,19101,Jefferson County,Iowa,15632,435.524,35.89,6.0,False
IA,johnson,19103,Johnson County,Iowa,156815,612.997,255.82,4.0,False
IA,jones,19105,Jones County,Iowa,20960,575.618,36.41,3.0,False
IA,keokuk,19107,Keokuk County,Iowa,9895,579.175,17.08,6.0,False
IA,kossuth,19109,Kossuth County,Iowa,14462,972.735,14.87,6.0,False
IA,lee,19111,Lee County,Iowa,32793,517.55,63.36,5.0,False
IA,linn,19113,Linn County,Iowa,228947,717.013,319.31,3.0,False
IA,louisa,19115,Louisa County,Iowa,10657,401.777,26.52,6.0,False
IA,lucas,19117,Lucas County,Iowa,8720,430.681,20.25,6.0,False
IA,lyon,19119,Lyon County,Iowa,12185,587.609,20.74,6.0,False
IA,madison,19121,Madison County,Iowa,17050,561.006,30.39,3.0,False
IA,mahaska,19123,Mahaska County,Iowa,21959,570.851,38.47,5.0,False
IA,marion,19125,Marion County,Iowa,33582,554.49,60.56,5.0,False
IA,marshall,19127,Marshall County,Iowa,39940,572.503,69.76,5.0,False
IA,mills,19129,Mills County,Iowa,14572,437.431,33.31,3.0,False
IA,mitchell,19131,Mitchell County,Iowa,10557,469.256,22.5,6.0,False
IA,monona,19133,Monona County,Iowa,8515,694.072,12.27,6.0,False
IA,monroe,19135,Monroe County,Iowa,7524,433.708,17.35,6.0,False
IA,montgomery,19137,Montgomery County,Iowa,10210,424.097,24.07,6.0,False
IA,muscatine,19139,Muscatine County,Iowa,42501,437.44,97.16,5.0,False
IA,o'brien,19141,O'Brien County,Iowa,14107,573.035,24.62,6.0,False
IA,osceola,19143,Osceola County,Iowa,6073,398.687,15.23,6.0,False
IA,page,19145,Page County,Iowa,15169,534.944,28.36,6.0,False
IA,palo alto,19147,Palo Alto County,Iowa,8772,563.864,15.56,6.0,False
IA,plymouth,19149,Plymouth County,Iowa,25714,862.828,29.8,5.0,False
IA,pocahontas,19151,Pocahontas County,Iowa,7090,577.241,12.28,6.0,False
IA,polk,19153,Polk County,Iowa,501261,572.72,875.23,3.0,False
IA,pottawattamie,19155,Pottawattamie County,Iowa,93180,951.274,97.95,3.0,False
IA,poweshiek,19157,Poweshiek County,Iowa,18521,584.932,31.66,6.0,False
IA,ringgold,19159,Ringgold County,Iowa,4692,535.494,8.76,6.0,False
IA,sac,19161,Sac County,Iowa,9680,575.022,16.83,6.0,False
IA,scott,19163,Scott County,Iowa,173985,458.101,379.8,3.0,False
IA,shelby,19165,Shelby County,Iowa,11745,590.776,19.88,6.0,False
IA,sioux,19167,Sioux County,Iowa,36231,767.911,47.18,6.0,False
IA,story,19169,Story County,Iowa,99995,572.544,174.65,4.0,False
IA,tama,19171,Tama County,Iowa,16910,721.011,23.45,6.0,False
IA,taylor,19173,Taylor County,Iowa,5870,531.902,11.04,6.0,False
IA,union,19175,Union County,Iowa,11922,423.645,28.14,6.0,False
IA,van buren,19177,Van Buren County,Iowa,7250,484.792,14.95,6.0,False
IA,wapello,19179,Wapello County,Iowa,35080,431.843,81.23,5.0,False
IA,warren,19181,Warren County,Iowa,54325,569.658,95.36,3.0,False
IA,washington,19183,Washington County,Iowa,22541,568.828,39.63,4.0,False
IA,wayne,19185,Wayne County,Iowa,6472,525.469,12.32,6.0,False
IA,webster,19187,Webster County,Iowa,36703,715.704,51.28,5.0,False
IA,winnebago,19189,Winnebago County,Iowa,10651,400.489,26.59,6.0,False
IA,winneshiek,19191,Winneshiek County,Iowa,19915,689.844,28.87,6.0,False
IA,woodbury,19193,Woodbury County,Iowa,105674,872.896,121.06,4.0,False
IA,worth,19195,Worth County,Iowa,7316,400.123,18.28,5.0,False
IA,wright,19197,Wright County,Iowa,12740,580.412,21.95,6.0,False
ID,ada,16001,Ada County,Idaho,520788,1052.218,494.94,3.0,False
ID,adams,16003,Adams County,Idaho,4780,1362.805,3.51,6.0,False
ID,bannock,16005,Bannock County,Idaho,89871,1112.489,80.78,4.0,False
ID,bear lake,16007,Bear Lake County,Idaho,6751,975.728,6.92,6.0,False
ID,benewah,16009,Benewah County,Idaho,10301,776.931,13.26,6.0,False
ID,bingham,16011,Bingham County,Idaho,49997,2093.732,23.88,5.0,False
ID,blaine,16013,Blaine County,Idaho,25186,2637.738,9.55,5.0,False
ID,boise,16015,Boise County,Idaho,8426,1899.368,4.44,3.0,False
ID,bonner,16017,Bonner County,Idaho,51521,1733.229,29.73,5.0,False
ID,bonneville,16019,Bonneville County,Idaho,129690,1865.96,69.5,4.0,False
ID,boundary,16021,Boundary County,Idaho,13377,1268.679,10.54,6.0,False
ID,butte,16023,Butte County,Idaho,2692,2236.487,1.2,4.0,False
ID,camas,16025,Camas County,Idaho,1168,1074.234,1.09,5.0,False
ID,canyon,16027,Canyon County,Idaho,251532,587.049,428.47,3.0,False
ID,caribou,16029,Caribou County,Idaho,7208,1764.194,4.09,6.0,False
ID,cassia,16031,Cassia County,Idaho,25625,2565.61,9.99,5.0,False
ID,clark,16033,Clark County,Idaho,812,1763.145,0.46,6.0,False
ID,clearwater,16035,Clearwater County,Idaho,9034,2457.314,3.68,6.0,False
ID,custer,16037,Custer County,Idaho,4503,4922.177,0.91,6.0,False
ID,elmore,16039,Elmore County,Idaho,29494,3075.079,9.59,5.0,False
ID,franklin,16041,Franklin County,Idaho,15172,663.019,22.88,4.0,False
ID,fremont,16043,Fremont County,Idaho,14048,1863.96,7.54,5.0,False
ID,gem,16045,Gem County,Idaho,20739,559.774,37.05,3.0,False
ID,gooding,16047,Gooding County,Idaho,15890,729.322,21.79,6.0,False
ID,idaho,16049,Idaho County,Idaho,17670,8477.499,2.08,6.0,False
ID,jefferson,16051,Jefferson County,Idaho,33365,1093.681,30.51,4.0,False
ID,jerome,16053,Jerome County,Idaho,25228,597.543,42.22,4.0,False
ID,kootenai,16055,Kootenai County,Idaho,183540,1237.78,148.28,4.0,False
ID,latah,16057,Latah County,Idaho,41330,1075.867,38.42,5.0,False
ID,lemhi,16059,Lemhi County,Idaho,8286,4563.695,1.82,6.0,False
ID,lewis,16061,Lewis County,Idaho,3727,478.822,7.78,6.0,False
ID,lincoln,16063,Lincoln County,Idaho,5365,1201.364,4.47,5.0,False
ID,madison,16065,Madison County,Idaho,55427,469.267,118.11,5.0,False
ID,minidoka,16067,Minidoka County,Idaho,22202,757.227,29.32,5.0,False
ID,nez perce,16069,Nez Perce County,Idaho,43003,848.32,50.69,4.0,False
ID,oneida,16071,Oneida County,Idaho,4740,1198.951,3.95,5.0,False
ID,owyhee,16073,Owyhee County,Idaho,12644,7668.204,1.65,3.0,False
ID,payette,16075,Payette County,Idaho,26934,406.88,66.2,5.0,False
ID,power,16077,Power County,Idaho,8122,1403.826,5.79,6.0,False
ID,shoshone,16079,Shoshone County,Idaho,13951,2637.425,5.29,6.0,False
ID,teton,16081,Teton County,Idaho,12553,449.091,27.95,5.0,False
ID,twin falls,16083,Twin Falls County,Idaho,93973,1921.714,48.9,4.0,False
ID,valley,16085,Valley County,Idaho,12436,3665.119,3.39,6.0,False
ID,washington,16087,Washington County,Idaho,11198,1452.852,7.71,6.0,False
IL,adams,17001,Adams County,Illinois,64526,855.151,75.46,5.0,False
IL,alexander,17003,Alexander County,Illinois,4859,235.394,20.64,4.0,False
IL,bond,17005,Bond County,Illinois,16716,380.336,43.95,2.0,False
IL,boone,17007,Boone County,Illinois,53084,280.749,189.08,3.0,False
IL,brown,17009,Brown County,Illinois,6321,305.727,20.68,6.0,False
IL,bureau,17011,Bureau County,Illinois,32862,869.071,37.81,5.0,False
IL,calhoun,17013,Calhoun County,Illinois,4335,253.829,17.08,2.0,False
IL,carroll,17015,Carroll County,Illinois,15553,445.406,34.92,6.0,False
IL,cass,17017,Cass County,Illinois,12672,375.754,33.72,6.0,False
IL,champaign,17019,Champaign County,Illinois,208033,996.104,208.85,4.0,False
IL,christian,17021,Christian County,Illinois,33410,709.483,47.09,5.0,False
IL,clark,17023,Clark County,Illinois,15211,501.39,30.34,6.0,False
IL,clay,17025,Clay County,Illinois,13053,468.351,27.87,6.0,False
IL,clinton,17027,Clinton County,Illinois,36987,473.941,78.04,2.0,False
IL,coles,17029,Coles County,Illinois,46708,508.272,91.9,5.0,False
IL,cook,17031,Cook County,Illinois,5133106,944.924,5432.3,1.0,False
IL,crawford,17033,Crawford County,Illinois,18516,443.643,41.74,6.0,False
IL,cumberland,17035,Cumberland County,Illinois,10296,345.944,29.76,5.0,False
IL,de witt,17039,De Witt County,Illinois,15341,397.561,38.59,6.0,False
IL,dekalb,17037,DeKalb County,Illinois,100569,631.337,159.3,2.0,False
IL,douglas,17041,Douglas County,Illinois,19702,416.65,47.29,6.0,False
IL,dupage,17043,DuPage County,Illinois,925143,327.847,2821.87,2.0,False
IL,edgar,17045,Edgar County,Illinois,16426,623.324,26.35,6.0,False
IL,edwards,17047,Edwards County,Illinois,6073,222.4,27.31,6.0,False
IL,effingham,17049,Effingham County,Illinois,34336,478.769,71.72,5.0,False
IL,fayette,17051,Fayette County,Illinois,21284,716.443,29.71,6.0,False
IL,ford,17053,Ford County,Illinois,13270,485.597,27.33,4.0,False
IL,franklin,17055,Franklin County,Illinois,37226,408.927,91.03,6.0,False
IL,fulton,17057,Fulton County,Illinois,33022,865.683,38.15,5.0,False
IL,gallatin,17059,Gallatin County,Illinois,4842,322.941,14.99,6.0,False
IL,greene,17061,Greene County,Illinois,11643,543.144,21.44,6.0,False
IL,grundy,17063,Grundy County,Illinois,53153,418.128,127.12,2.0,False
IL,hamilton,17065,Hamilton County,Illinois,7976,434.647,18.35,6.0,False
IL,hancock,17067,Hancock County,Illinois,17250,793.748,21.73,6.0,False
IL,hardin,17069,Hardin County,Illinois,3588,177.389,20.23,6.0,False
IL,henderson,17071,Henderson County,Illinois,6168,378.793,16.28,5.0,False
IL,henry,17073,Henry County,Illinois,48567,823.061,59.01,3.0,False
IL,iroquois,17075,Iroquois County,Illinois,26417,1117.395,23.64,6.0,False
IL,jackson,17077,Jackson County,Illinois,53004,583.57,90.83,5.0,False
IL,jasper,17079,Jasper County,Illinois,9185,494.614,18.57,6.0,False
IL,jefferson,17081,Jefferson County,Illinois,36415,571.235,63.75,5.0,False
IL,jersey,17083,Jersey County,Illinois,21222,369.556,57.43,2.0,False
IL,jo daviess,17085,Jo Daviess County,Illinois,21863,600.924,36.38,6.0,False
IL,johnson,17087,Johnson County,Illinois,13401,343.737,38.99,6.0,False
IL,kane,17089,Kane County,Illinois,515070,519.272,991.91,2.0,False
IL,kankakee,17091,Kankakee County,Illinois,106221,676.49,157.02,4.0,False
IL,kendall,17093,Kendall County,Illinois,137602,320.238,429.69,2.0,False
IL,knox,17095,Knox County,Illinois,48713,716.355,68.0,5.0,False
IL,lake,17097,Lake County,Illinois,712143,443.679,1605.09,2.0,False
IL,lasalle,17099,LaSalle County,Illinois,108210,1135.138,95.33,5.0,False
IL,lawrence,17101,Lawrence County,Illinois,14937,372.179,40.13,6.0,False
IL,lee,17103,Lee County,Illinois,33928,724.769,46.81,5.0,False
IL,livingston,17105,Livingston County,Illinois,35513,1043.628,34.03,5.0,False
IL,logan,17107,Logan County,Illinois,27654,618.052,44.74,5.0,False
IL,macon,17115,Macon County,Illinois,101369,580.548,174.61,4.0,False
IL,macoupin,17117,Macoupin County,Illinois,44239,862.974,51.26,2.0,False
IL,madison,17119,Madison County,Illinois,263981,715.519,368.94,2.0,False
IL,marion,17121,Marion County,Illinois,36878,572.538,64.41,5.0,False
IL,marshall,17123,Marshall County,Illinois,11657,386.822,30.14,3.0,False
IL,mason,17125,Mason County,Illinois,12717,539.352,23.58,6.0,False
IL,massac,17127,Massac County,Illinois,13858,237.151,58.44,4.0,False
IL,mcdonough,17109,McDonough County,Illinois,26965,589.305,45.76,5.0,False
IL,mchenry,17111,McHenry County,Illinois,311921,603.397,516.94,2.0,False
IL,mclean,17113,McLean County,Illinois,171571,1183.248,145.0,4.0,False
IL,menard,17129,Menard County,Illinois,12076,314.391,38.41,4.0,False
IL,mercer,17131,Mercer County,Illinois,15512,561.24,27.64,3.0,False
IL,monroe,17133,Monroe County,Illinois,35107,385.301,91.12,2.0,False
IL,montgomery,17135,Montgomery County,Illinois,27971,703.766,39.74,6.0,False
IL,morgan,17137,Morgan County,Illinois,32931,568.959,57.88,5.0,False
IL,moultrie,17139,Moultrie County,Illinois,14361,335.958,42.75,6.0,False
IL,ogle,17141,Ogle County,Illinois,51437,758.654,67.8,5.0,False
IL,peoria,17143,Peoria County,Illinois,178503,618.695,288.52,3.0,False
IL,perry,17145,Perry County,Illinois,20503,441.928,46.39,6.0,False
IL,piatt,17147,Piatt County,Illinois,16678,439.188,37.97,4.0,False
IL,pike,17149,Pike County,Illinois,14492,831.352,17.43,6.0,False
IL,pope,17151,Pope County,Illinois,3757,368.867,10.19,6.0,False
IL,pulaski,17153,Pulaski County,Illinois,4966,199.268,24.92,6.0,False
IL,putnam,17155,Putnam County,Illinois,5562,160.097,34.74,5.0,False
IL,randolph,17157,Randolph County,Illinois,30101,575.367,52.32,6.0,False
IL,richland,17159,Richland County,Illinois,15536,360.034,43.15,6.0,False
IL,rock island,17161,Rock Island County,Illinois,141812,427.496,331.73,3.0,False
IL,saline,17165,Saline County,Illinois,23141,379.996,60.9,6.0,False
IL,sangamon,17167,Sangamon County,Illinois,194483,868.23,224.0,4.0,False
IL,schuyler,17169,Schuyler County,Illinois,6755,437.3,15.45,6.0,False
IL,scott,17171,Scott County,Illinois,4898,250.79,19.53,5.0,False
IL,shelby,17173,Shelby County,Illinois,20706,758.508,27.3,6.0,False
IL,st clair,17163,St. Clair County,Illinois,252947,657.748,384.57,2.0,False
IL,stark,17175,Stark County,Illinois,5324,288.106,18.48,3.0,False
IL,stephenson,17177,Stephenson County,Illinois,43702,564.247,77.45,5.0,False
IL,tazewell,17179,Tazewell County,Illinois,129859,646.469,200.87,3.0,False
IL,union,17181,Union County,Illinois,16901,413.412,40.88,6.0,False
IL,vermilion,17183,Vermilion County,Illinois,72089,898.32,80.25,5.0,False
IL,wabash,17185,Wabash County,Illinois,11061,223.323,49.53,6.0,False
IL,warren,17187,Warren County,Illinois,16368,542.322,30.18,6.0,False
IL,washington,17189,Washington County,Illinois,13650,562.597,24.26,6.0,False
IL,wayne,17191,Wayne County,Illinois,15903,713.833,22.28,6.0,False
IL,white,17193,White County,Illinois,13636,494.983,27.55,6.0,False
IL,whiteside,17195,Whiteside County,Illinois,54602,684.099,79.82,5.0,False
IL,will,17197,Will County,Illinois,699110,835.877,836.38,2.0,False
IL,williamson,17199,Williamson County,Illinois,66565,420.21,158.41,5.0,False
IL,winnebago,17201,Winnebago County,Illinois,282081,513.05,549.81,3.0,False
IL,woodford,17203,Woodford County,Illinois,38254,527.557,72.51,3.0,False
IN,adams,18001,Adams County,Indiana,36204,338.925,106.82,5.0,False
IN,allen,18003,Allen County,Indiana,392119,657.146,596.7,3.0,False
IN,bartholomew,18005,Bartholomew County,Indiana,83746,406.94,205.79,4.0,False
IN,benton,18007,Benton County,Indiana,8676,406.418,21.35,4.0,False
IN,blackford,18009,Blackford County,Indiana,11905,165.082,72.12,6.0,False
IN,boone,18011,Boone County,Indiana,74403,422.882,175.94,2.0,False
IN,brown,18013,Brown County,Indiana,15617,311.987,50.06,2.0,False
IN,carroll,18015,Carroll County,Indiana,20507,372.225,55.09,4.0,False
IN,cass,18017,Cass County,Indiana,37670,412.144,91.4,5.0,False
IN,clark,18019,Clark County,Indiana,124306,372.487,333.72,2.0,False
IN,clay,18021,Clay County,Indiana,26378,357.6,73.76,4.0,False
IN,clinton,18023,Clinton County,Indiana,32794,405.067,80.96,5.0,False
IN,crawford,18025,Crawford County,Indiana,10520,305.613,34.42,6.0,False
IN,daviess,18027,Daviess County,Indiana,33613,429.514,78.26,5.0,False
IN,dearborn,18029,Dearborn County,Indiana,50976,305.087,167.09,2.0,False
IN,decatur,18031,Decatur County,Indiana,26458,372.568,71.02,5.0,False
IN,dekalb,18033,DeKalb County,Indiana,43804,362.834,120.73,5.0,False
IN,delaware,18035,Delaware County,Indiana,112183,392.109,286.1,4.0,False
IN,dubois,18037,Dubois County,Indiana,43550,427.267,101.93,5.0,False
IN,elkhart,18039,Elkhart County,Indiana,207161,463.158,447.28,4.0,False
IN,fayette,18041,Fayette County,Indiana,23342,215.021,108.56,5.0,False
IN,floyd,18043,Floyd County,Indiana,80662,148.486,543.23,2.0,False
IN,fountain,18045,Fountain County,Indiana,16601,395.668,41.96,6.0,False
IN,franklin,18047,Franklin County,Indiana,23107,384.426,60.11,2.0,False
IN,fulton,18049,Fulton County,Indiana,20353,368.393,55.25,6.0,False
IN,gibson,18051,Gibson County,Indiana,33004,487.378,67.72,6.0,False
IN,grant,18053,Grant County,Indiana,66020,414.089,159.43,5.0,False
IN,greene,18055,Greene County,Indiana,31076,542.467,57.29,6.0,False
IN,hamilton,18057,Hamilton County,Indiana,366264,394.388,928.69,2.0,False
IN,hancock,18059,Hancock County,Indiana,83119,305.957,271.67,2.0,False
IN,harrison,18061,Harrison County,Indiana,39823,484.081,82.27,2.0,False
IN,hendricks,18063,Hendricks County,Indiana,183507,406.894,450.99,2.0,False
IN,henry,18065,Henry County,Indiana,48829,391.877,124.6,5.0,False
IN,howard,18067,Howard County,Indiana,83574,293.074,285.16,4.0,False
IN,huntington,18069,Huntington County,Indiana,36799,382.639,96.17,5.0,False
IN,jackson,18071,Jackson County,Indiana,46385,509.978,90.95,5.0,False
IN,jasper,18073,Jasper County,Indiana,33280,559.68,59.46,2.0,False
IN,jay,18075,Jay County,Indiana,20137,383.905,52.45,6.0,False
IN,jefferson,18077,Jefferson County,Indiana,32902,360.699,91.22,5.0,False
IN,jennings,18079,Jennings County,Indiana,27468,376.597,72.94,6.0,False
IN,johnson,18081,Johnson County,Indiana,165951,320.415,517.93,2.0,False
IN,knox,18083,Knox County,Indiana,35895,515.831,69.59,5.0,False
IN,kosciusko,18085,Kosciusko County,Indiana,80676,531.446,151.8,5.0,False
IN,lagrange,18087,LaGrange County,Indiana,40865,379.632,107.64,6.0,False
IN,lake,18089,Lake County,Indiana,500065,498.89,1002.36,2.0,False
IN,laporte,18091,LaPorte County,Indiana,111810,598.288,186.88,4.0,False
IN,lawrence,18093,Lawrence County,Indiana,45213,449.146,100.66,5.0,False
IN,madison,18095,Madison County,Indiana,131524,451.921,291.03,2.0,False
IN,marion,18097,Marion County,Indiana,973375,395.996,2458.04,1.0,False
IN,marshall,18099,Marshall County,Indiana,46394,443.618,104.58,5.0,False
IN,martin,18101,Martin County,Indiana,9808,335.761,29.21,6.0,False
IN,miami,18103,Miami County,Indiana,35562,373.842,95.13,5.0,False
IN,monroe,18105,Monroe County,Indiana,141181,394.523,357.85,4.0,False
IN,montgomery,18107,Montgomery County,Indiana,38345,504.652,75.98,5.0,False
IN,morgan,18109,Morgan County,Indiana,72239,403.831,178.88,2.0,False
IN,newton,18111,Newton County,Indiana,13841,401.755,34.45,2.0,False
IN,noble,18113,Noble County,Indiana,47281,410.843,115.08,5.0,False
IN,ohio,18115,Ohio County,Indiana,6089,86.15,70.68,2.0,False
IN,orange,18117,Orange County,Indiana,19633,398.379,49.28,6.0,False
IN,owen,18119,Owen County,Indiana,21552,385.295,55.94,4.0,False
IN,parke,18121,Parke County,Indiana,16365,444.725,36.8,6.0,False
IN,perry,18123,Perry County,Indiana,19241,381.74,50.4,6.0,False
IN,pike,18125,Pike County,Indiana,12139,334.351,36.31,6.0,False
IN,porter,18127,Porter County,Indiana,175014,418.113,418.58,2.0,False
IN,posey,18129,Posey County,Indiana,25111,409.385,61.34,3.0,False
IN,pulaski,18131,Pulaski County,Indiana,12461,433.678,28.73,6.0,False
IN,putnam,18133,Putnam County,Indiana,37300,480.536,77.62,5.0,False
IN,randolph,18135,Randolph County,Indiana,24407,452.379,53.95,6.0,False
IN,ripley,18137,Ripley County,Indiana,29042,446.431,65.05,6.0,False
IN,rush,18139,Rush County,Indiana,16661,408.137,40.82,6.0,False
IN,scott,18143,Scott County,Indiana,24455,190.403,128.44,6.0,False
IN,shelby,18145,Shelby County,Indiana,45213,411.136,109.97,2.0,False
IN,spencer,18147,Spencer County,Indiana,19890,396.888,50.11,6.0,False
IN,st joseph,18141,St. Joseph County,Indiana,272796,457.781,595.91,3.0,False
IN,starke,18149,Starke County,Indiana,23251,309.144,75.21,6.0,False
IN,steuben,18151,Steuben County,Indiana,34731,308.782,112.48,5.0,False
IN,sullivan,18153,Sullivan County,Indiana,20702,447.196,46.29,4.0,False
IN,switzerland,18155,Switzerland County,Indiana,9985,220.668,45.25,6.0,False
IN,tippecanoe,18157,Tippecanoe County,Indiana,189402,498.898,379.64,4.0,False
IN,tipton,18159,Tipton County,Indiana,15329,260.541,58.84,2.0,False
IN,union,18161,Union County,Indiana,6975,161.191,43.27,6.0,False
IN,vanderburgh,18163,Vanderburgh County,Indiana,179725,233.402,770.02,3.0,False
IN,vermillion,18165,Vermillion County,Indiana,15397,256.894,59.94,4.0,False
IN,vigo,18167,Vigo County,Indiana,106066,403.631,262.78,4.0,False
IN,wabash,18169,Wabash County,Indiana,30869,412.539,74.83,5.0,False
IN,warren,18171,Warren County,Indiana,8492,364.69,23.29,4.0,False
IN,warrick,18173,Warrick County,Indiana,65297,384.63,169.77,3.0,False
IN,washington,18175,Washington County,Indiana,28158,513.689,54.82,2.0,False
IN,wayne,18177,Wayne County,Indiana,66337,401.755,165.12,5.0,False
IN,wells,18179,Wells County,Indiana,28339,368.087,76.99,3.0,False
IN,white,18181,White County,Indiana,24654,505.14,48.81,5.0,False
IN,whitley,18183,Whitley County,Indiana,34600,335.622,103.09,3.0,False
KS,allen,20001,Allen County,Kansas,12479,500.297,24.94,6.0,False
KS,anderson,20003,Anderson County,Kansas,7787,579.641,13.43,6.0,False
KS,atchison,20005,Atchison County,Kansas,16091,431.174,37.32,5.0,False
KS,barber,20007,Barber County,Kansas,4125,1134.075,3.64,6.0,False
KS,barton,20009,Barton County,Kansas,25055,895.257,27.99,5.0,False
KS,bourbon,20011,Bourbon County,Kansas,14454,635.461,22.75,6.0,False
KS,brown,20013,Brown County,Kansas,9371,570.871,16.42,6.0,False
KS,butler,20015,Butler County,Kansas,68264,1429.716,47.75,3.0,False
KS,chase,20017,Chase County,Kansas,2559,773.053,3.31,5.0,False
KS,chautauqua,20019,Chautauqua County,Kansas,3387,638.881,5.3,6.0,False
KS,cherokee,20021,Cherokee County,Kansas,19043,587.567,32.41,4.0,False
KS,cheyenne,20023,Cheyenne County,Kansas,2613,1019.89,2.56,6.0,False
KS,clark,20025,Clark County,Kansas,1947,974.638,2.0,6.0,False
KS,clay,20027,Clay County,Kansas,8048,645.298,12.47,6.0,False
KS,cloud,20029,Cloud County,Kansas,8937,715.342,12.49,6.0,False
KS,coffey,20031,Coffey County,Kansas,8261,626.885,13.18,6.0,False
KS,comanche,20033,Comanche County,Kansas,1695,788.298,2.15,6.0,False
KS,cowley,20035,Cowley County,Kansas,34457,1125.738,30.61,5.0,False
KS,crawford,20037,Crawford County,Kansas,39180,589.771,66.43,5.0,False
KS,decatur,20039,Decatur County,Kansas,2681,893.517,3.0,6.0,False
KS,dickinson,20041,Dickinson County,Kansas,18344,847.068,21.66,6.0,False
KS,doniphan,20043,Doniphan County,Kansas,7488,393.475,19.03,4.0,False
KS,douglas,20045,Douglas County,Kansas,120053,455.764,263.41,4.0,False
KS,edwards,20047,Edwards County,Kansas,2747,621.894,4.42,6.0,False
KS,elk,20049,Elk County,Kansas,2448,644.264,3.8,6.0,False
KS,ellis,20051,Ellis County,Kansas,28868,899.934,32.08,5.0,False
KS,ellsworth,20053,Ellsworth County,Kansas,6398,715.575,8.94,6.0,False
KS,finney,20055,Finney County,Kansas,37665,1301.997,28.93,5.0,False
KS,ford,20057,Ford County,Kansas,33842,1098.271,30.81,5.0,False
KS,franklin,20059,Franklin County,Kansas,25994,571.772,45.46,5.0,False
KS,geary,20061,Geary County,Kansas,35525,384.652,92.36,4.0,False
KS,gove,20063,Gove County,Kansas,2741,1071.666,2.56,6.0,False
KS,graham,20065,Graham County,Kansas,2395,898.527,2.67,6.0,False
KS,grant,20067,Grant County,Kansas,7230,574.808,12.58,6.0,False
KS,gray,20069,Gray County,Kansas,5707,868.867,6.57,6.0,False
KS,greeley,20071,Greeley County,Kansas,1230,778.404,1.58,6.0,False
KS,greenwood,20073,Greenwood County,Kansas,5917,1143.304,5.18,6.0,False
KS,hamilton,20075,Hamilton County,Kansas,2445,996.514,2.45,6.0,False
KS,harper,20077,Harper County,Kansas,5374,801.274,6.71,6.0,False
KS,harvey,20079,Harvey County,Kansas,33710,539.756,62.45,3.0,False
KS,haskell,20081,Haskell County,Kansas,3573,577.521,6.19,6.0,False
KS,hodgeman,20083,Hodgeman County,Kansas,1707,859.992,1.98,6.0,False
KS,jackson,20085,Jackson County,Kansas,13285,656.219,20.24,4.0,False
KS,jefferson,20087,Jefferson County,Kansas,18344,532.626,34.44,4.0,False
KS,jewell,20089,Jewell County,Kansas,2906,909.971,3.19,6.0,False
KS,johnson,20091,Johnson County,Kansas,619311,473.62,1307.61,2.0,False
KS,kearny,20093,Kearny County,Kansas,3854,870.543,4.43,6.0,False
KS,kingman,20095,Kingman County,Kansas,7184,863.419,8.32,6.0,False
KS,kiowa,20097,Kiowa County,Kansas,2410,722.64,3.33,6.0,False
KS,labette,20099,Labette County,Kansas,19750,645.393,30.6,6.0,False
KS,lane,20101,Lane County,Kansas,1552,717.409,2.16,6.0,False
KS,leavenworth,20103,Leavenworth County,Kansas,82852,463.408,178.79,2.0,False
KS,lincoln,20105,Lincoln County,Kansas,2909,719.4,4.04,6.0,False
KS,linn,20107,Linn County,Kansas,9771,594.081,16.45,2.0,False
KS,logan,20109,Logan County,Kansas,2706,1072.993,2.52,6.0,False
KS,lyon,20111,Lyon County,Kansas,31994,847.478,37.75,5.0,False
KS,marion,20115,Marion County,Kansas,11800,944.299,12.5,6.0,False
KS,marshall,20117,Marshall County,Kansas,10007,900.178,11.12,6.0,False
KS,mcpherson,20113,McPherson County,Kansas,30106,898.285,33.51,5.0,False
KS,meade,20119,Meade County,Kansas,3905,978.083,3.99,6.0,False
KS,miami,20121,Miami County,Kansas,34759,575.88,60.36,2.0,False
KS,mitchell,20123,Mitchell County,Kansas,5774,701.792,8.23,6.0,False
KS,montgomery,20125,Montgomery County,Kansas,30905,643.594,48.02,6.0,False
KS,morris,20127,Morris County,Kansas,5376,695.343,7.73,6.0,False
KS,morton,20129,Morton County,Kansas,2600,729.731,3.56,6.0,False
KS,nemaha,20131,Nemaha County,Kansas,10151,717.427,14.15,6.0,False
KS,neosho,20133,Neosho County,Kansas,15583,571.481,27.27,6.0,False
KS,ness,20135,Ness County,Kansas,2671,1074.739,2.49,6.0,False
KS,norton,20137,Norton County,Kansas,5322,878.044,6.06,6.0,False
KS,osage,20139,Osage County,Kansas,15690,705.506,22.24,4.0,False
KS,osborne,20141,Osborne County,Kansas,3488,892.516,3.91,6.0,False
KS,ottawa,20143,Ottawa County,Kansas,5833,720.73,8.09,5.0,False
KS,pawnee,20145,Pawnee County,Kansas,6153,754.263,8.16,6.0,False
KS,phillips,20147,Phillips County,Kansas,4792,885.871,5.41,6.0,False
KS,pottawatomie,20149,Pottawatomie County,Kansas,26331,840.735,31.32,4.0,False
KS,pratt,20151,Pratt County,Kansas,9080,735.039,12.35,6.0,False
KS,rawlins,20153,Rawlins County,Kansas,2531,1069.416,2.37,6.0,False
KS,reno,20155,Reno County,Kansas,61514,1255.308,49.0,5.0,False
KS,republic,20157,Republic County,Kansas,4638,717.377,6.47,6.0,False
KS,rice,20159,Rice County,Kansas,9387,726.235,12.93,6.0,False
KS,riley,20161,Riley County,Kansas,71618,609.66,117.47,4.0,False
KS,rooks,20163,Rooks County,Kansas,4798,890.527,5.39,6.0,False
KS,rush,20165,Rush County,Kansas,2949,717.763,4.11,6.0,False
KS,russell,20167,Russell County,Kansas,6726,886.26,7.59,6.0,False
KS,saline,20169,Saline County,Kansas,53461,720.242,74.23,5.0,False
KS,scott,20171,Scott County,Kansas,5010,717.585,6.98,6.0,False
KS,sedgwick,20173,Sedgwick County,Kansas,525488,997.001,527.07,3.0,False
KS,seward,20175,Seward County,Kansas,21326,639.653,33.34,5.0,False
KS,shawnee,20177,Shawnee County,Kansas,177454,544.012,326.2,4.0,False
KS,sheridan,20179,Sheridan County,Kansas,2428,895.957,2.71,6.0,False
KS,sherman,20181,Sherman County,Kansas,5857,1056.064,5.55,6.0,False
KS,smith,20183,Smith County,Kansas,3553,895.464,3.97,6.0,False
KS,stafford,20185,Stafford County,Kansas,3979,792.046,5.02,6.0,False
KS,stanton,20187,Stanton County,Kansas,1977,680.352,2.91,6.0,False
KS,stevens,20189,Stevens County,Kansas,5151,727.26,7.08,6.0,False
KS,sumner,20191,Sumner County,Kansas,22384,1181.668,18.94,3.0,False
KS,thomas,20193,Thomas County,Kansas,7882,1074.687,7.33,6.0,False
KS,trego,20195,Trego County,Kansas,2757,889.474,3.1,6.0,False
KS,wabaunsee,20197,Wabaunsee County,Kansas,7002,794.336,8.81,4.0,False
KS,wallace,20199,Wallace County,Kansas,1491,913.652,1.63,6.0,False
KS,washington,20201,Washington County,Kansas,5495,894.759,6.14,6.0,False
KS,wichita,20203,Wichita County,Kansas,2061,718.566,2.87,6.0,False
KS,wilson,20205,Wilson County,Kansas,8577,570.423,15.04,6.0,False
KS,woodson,20207,Woodson County,Kansas,3122,497.819,6.27,6.0,False
KS,wyandotte,20209,Wyandotte County,Kansas,165719,151.638,1092.86,2.0,False
KY,adair,21001,Adair County,Kentucky,19089,405.292,47.1,6.0,False
KY,allen,21003,Allen County,Kentucky,21246,343.724,61.81,4.0,False
KY,anderson,21005,Anderson County,Kentucky,24279,202.26,120.04,5.0,False
KY,ballard,21007,Ballard County,Kentucky,7633,247.095,30.89,4.0,False
KY,barren,21009,Barren County,Kentucky,44851,487.365,92.03,5.0,False
KY,bath,21011,Bath County,Kentucky,12818,277.992,46.11,5.0,False
KY,bell,21013,Bell County,Kentucky,23514,358.999,65.5,5.0,False
KY,boone,21015,Boone County,Kentucky,139377,246.268,565.96,2.0,False
KY,bourbon,21017,Bourbon County,Kentucky,20144,289.75,69.52,3.0,False
KY,boyd,21019,Boyd County,Kentucky,48048,159.866,300.55,3.0,False
KY,boyle,21021,Boyle County,Kentucky,30854,180.336,171.09,5.0,False
KY,bracken,21023,Bracken County,Kentucky,8436,202.665,41.63,2.0,False
KY,breathitt,21025,Breathitt County,Kentucky,13353,492.422,27.12,6.0,False
KY,breckinridge,21027,Breckinridge County,Kentucky,20942,569.725,36.76,6.0,False
KY,bullitt,21029,Bullitt County,Kentucky,83901,297.085,282.41,2.0,False
KY,butler,21031,Butler County,Kentucky,12371,426.112,29.03,4.0,False
KY,caldwell,21033,Caldwell County,Kentucky,12601,344.835,36.54,6.0,False
KY,calloway,21035,Calloway County,Kentucky,38119,384.862,99.05,5.0,False
KY,campbell,21037,Campbell County,Kentucky,93305,151.32,616.61,2.0,False
KY,carlisle,21039,Carlisle County,Kentucky,4723,189.463,24.93,4.0,False
KY,carroll,21041,Carroll County,Kentucky,10935,128.7,84.97,6.0,False
KY,carter,21043,Carter County,Kentucky,26300,409.497,64.23,3.0,False
KY,casey,21045,Casey County,Kentucky,15893,444.258,35.77,6.0,False
KY,christian,21047,Christian County,Kentucky,72213,717.66,100.62,3.0,False
KY,clark,21049,Clark County,Kentucky,37012,252.482,146.59,3.0,False
KY,clay,21051,Clay County,Kentucky,19884,469.296,42.37,5.0,False
KY,clinton,21053,Clinton County,Kentucky,9140,197.063,46.38,6.0,False
KY,crittenden,21055,Crittenden County,Kentucky,8971,359.566,24.95,6.0,False
KY,cumberland,21057,Cumberland County,Kentucky,5950,305.147,19.5,6.0,False
KY,daviess,21059,Daviess County,Kentucky,103373,458.398,225.51,4.0,False
KY,edmonson,21061,Edmonson County,Kentucky,12300,302.806,40.62,4.0,False
KY,elliott,21063,Elliott County,Kentucky,7301,234.321,31.16,6.0,False
KY,estill,21065,Estill County,Kentucky,13994,253.081,55.29,5.0,False
KY,fayette,21067,Fayette County,Kentucky,321505,283.854,1132.64,3.0,False
KY,fleming,21069,Fleming County,Kentucky,15257,348.672,43.76,6.0,False
KY,floyd,21071,Floyd County,Kentucky,35519,393.3,90.31,5.0,False
KY,franklin,21073,Franklin County,Kentucky,51617,207.91,248.27,5.0,False
KY,fulton,21075,Fulton County,Kentucky,6389,205.932,31.02,6.0,False
KY,gallatin,21077,Gallatin County,Kentucky,8786,98.282,89.4,2.0,False
KY,garrard,21079,Garrard County,Kentucky,17580,229.925,76.46,6.0,False
KY,grant,21081,Grant County,Kentucky,25466,257.976,98.71,2.0,False
KY,graves,21083,Graves County,Kentucky,36532,551.757,66.21,5.0,False
KY,grayson,21085,Grayson County,Kentucky,26623,499.536,53.3,6.0,False
KY,green,21087,Green County,Kentucky,11379,285.963,39.79,5.0,False
KY,greenup,21089,Greenup County,Kentucky,35384,344.455,102.72,3.0,False
KY,hancock,21091,Hancock County,Kentucky,9043,187.675,48.18,6.0,False
KY,hardin,21093,Hardin County,Kentucky,111776,623.904,179.16,4.0,False
KY,harlan,21095,Harlan County,Kentucky,25610,465.83,54.98,6.0,False
KY,harrison,21097,Harrison County,Kentucky,19085,306.458,62.28,6.0,False
KY,hart,21099,Hart County,Kentucky,19592,412.67,47.48,6.0,False
KY,henderson,21101,Henderson County,Kentucky,44017,436.361,100.87,5.0,False
KY,henry,21103,Henry County,Kentucky,15730,286.251,54.95,2.0,False
KY,hickman,21105,Hickman County,Kentucky,4422,242.331,18.25,6.0,False
KY,hopkins,21107,Hopkins County,Kentucky,44879,542.187,82.77,5.0,False
KY,jackson,21109,Jackson County,Kentucky,12989,345.227,37.62,6.0,False
KY,jefferson,21111,Jefferson County,Kentucky,777329,380.83,2041.14,1.0,False
KY,jessamine,21113,Jessamine County,Kentucky,54333,172.113,315.68,3.0,False
KY,johnson,21115,Johnson County,Kentucky,22234,261.966,84.87,6.0,False
KY,kenton,21117,Kenton County,Kentucky,170413,160.374,1062.6,2.0,False
KY,knott,21119,Knott County,Kentucky,13848,351.524,39.39,6.0,False
KY,knox,21121,Knox County,Kentucky,29734,386.33,76.97,5.0,False
KY,larue,21123,Larue County,Kentucky,15165,261.04,58.09,4.0,False
KY,laurel,21125,Laurel County,Kentucky,62891,433.703,145.01,5.0,False
KY,lawrence,21127,Lawrence County,Kentucky,16037,415.598,38.59,3.0,False
KY,lee,21129,Lee County,Kentucky,7259,208.821,34.76,6.0,False
KY,leslie,21131,Leslie County,Kentucky,10044,400.878,25.06,6.0,False
KY,letcher,21133,Letcher County,Kentucky,20792,337.934,61.53,6.0,False
KY,lewis,21135,Lewis County,Kentucky,12924,482.858,26.77,6.0,False
KY,lincoln,21137,Lincoln County,Kentucky,24392,332.904,73.27,5.0,False
KY,livingston,21139,Livingston County,Kentucky,8960,312.96,28.63,4.0,False
KY,logan,21141,Logan County,Kentucky,27855,552.216,50.44,6.0,False
KY,lyon,21143,Lyon County,Kentucky,9119,213.785,42.66,6.0,False
KY,madison,21151,Madison County,Kentucky,95219,437.934,217.43,5.0,False
KY,magoffin,21153,Magoffin County,Kentucky,11325,308.443,36.72,6.0,False
KY,marion,21155,Marion County,Kentucky,19731,343.551,57.43,6.0,False
KY,marshall,21157,Marshall County,Kentucky,31766,302.126,105.14,6.0,False
KY,martin,21159,Martin County,Kentucky,11095,229.644,48.31,6.0,False
KY,mason,21161,Mason County,Kentucky,16880,240.127,70.3,6.0,False
KY,mccracken,21145,McCracken County,Kentucky,67333,248.786,270.65,4.0,False
KY,mccreary,21147,McCreary County,Kentucky,16788,426.709,39.34,6.0,False
KY,mclean,21149,McLean County,Kentucky,9112,252.525,36.08,4.0,False
KY,meade,21163,Meade County,Kentucky,30028,305.463,98.3,2.0,False
KY,menifee,21165,Menifee County,Kentucky,6215,203.538,30.53,5.0,False
KY,mercer,21167,Mercer County,Kentucky,22927,249.383,91.93,6.0,False
KY,metcalfe,21169,Metcalfe County,Kentucky,10401,289.651,35.91,5.0,False
KY,monroe,21171,Monroe County,Kentucky,11328,329.475,34.38,6.0,False
KY,montgomery,21173,Montgomery County,Kentucky,28348,197.376,143.62,5.0,False
KY,morgan,21175,Morgan County,Kentucky,14156,381.104,37.14,6.0,False
KY,muhlenberg,21177,Muhlenberg County,Kentucky,30684,467.28,65.67,6.0,False
KY,nelson,21179,Nelson County,Kentucky,47429,418.686,113.28,2.0,False
KY,nicholas,21181,Nicholas County,Kentucky,7776,195.306,39.81,6.0,False
KY,ohio,21183,Ohio County,Kentucky,23549,587.095,40.11,6.0,False
KY,oldham,21185,Oldham County,Kentucky,69506,187.294,371.11,2.0,False
KY,owen,21187,Owen County,Kentucky,11292,350.487,32.22,6.0,False
KY,owsley,21189,Owsley County,Kentucky,3941,197.402,19.96,6.0,False
KY,pendleton,21191,Pendleton County,Kentucky,14688,277.148,53.0,2.0,False
KY,perry,21193,Perry County,Kentucky,27378,339.724,80.59,6.0,False
KY,pike,21195,Pike County,Kentucky,56328,786.222,71.64,5.0,False
KY,powell,21197,Powell County,Kentucky,13067,178.962,73.02,6.0,False
KY,pulaski,21199,Pulaski County,Kentucky,65776,658.1,99.95,5.0,False
KY,robertson,21201,Robertson County,Kentucky,2254,99.591,22.63,6.0,False
KY,rockcastle,21203,Rockcastle County,Kentucky,16213,316.567,51.22,5.0,False
KY,rowan,21205,Rowan County,Kentucky,24428,279.881,87.28,6.0,False
KY,russell,21207,Russell County,Kentucky,18177,253.26,71.77,6.0,False
KY,scott,21209,Scott County,Kentucky,59413,282.194,210.54,3.0,False
KY,shelby,21211,Shelby County,Kentucky,48884,379.79,128.71,2.0,False
KY,simpson,21213,Simpson County,Kentucky,19926,234.175,85.09,5.0,False
KY,spencer,21215,Spencer County,Kentucky,20204,186.671,108.23,2.0,False
KY,taylor,21217,Taylor County,Kentucky,26421,266.414,99.17,5.0,False
KY,todd,21219,Todd County,Kentucky,12431,374.513,33.19,6.0,False
KY,trigg,21221,Trigg County,Kentucky,14338,441.433,32.48,3.0,False
KY,trimble,21223,Trimble County,Kentucky,8525,147.771,57.69,6.0,False
KY,union,21225,Union County,Kentucky,13107,342.878,38.23,6.0,False
KY,warren,21227,Warren County,Kentucky,140503,541.73,259.36,4.0,False
KY,washington,21229,Washington County,Kentucky,12062,297.284,40.57,6.0,False
KY,wayne,21231,Wayne County,Kentucky,19663,458.043,42.93,6.0,False
KY,webster,21233,Webster County,Kentucky,12724,332.026,38.32,5.0,False
KY,whitley,21235,Whitley County,Kentucky,36950,437.922,84.38,5.0,False
KY,wolfe,21237,Wolfe County,Kentucky,6415,222.159,28.88,6.0,False
KY,woodford,21239,Woodford County,Kentucky,27150,189.573,143.22,3.0,False
LA,acadia,22001,Acadia Parish,Louisiana,56812,655.244,86.7,3.0,False
LA,allen,22003,Allen Parish,Louisiana,22297,762.085,29.26,6.0,False
LA,ascension,22005,Ascension Parish,Louisiana,130505,290.003,450.01,3.0,False
LA,assumption,22007,Assumption Parish,Louisiana,20482,344.021,59.54,3.0,False
LA,avoyelles,22009,Avoyelles Parish,Louisiana,38733,831.363,46.59,6.0,False
LA,beauregard,22011,Beauregard Parish,Louisiana,36587,1157.478,31.61,5.0,False
LA,bienville,22013,Bienville Parish,Louisiana,12627,811.344,15.56,6.0,False
LA,bossier,22015,Bossier Parish,Louisiana,129324,839.621,154.03,3.0,False
LA,caddo,22017,Caddo Parish,Louisiana,229109,879.535,260.49,3.0,False
LA,calcasieu,22019,Calcasieu Parish,Louisiana,202664,1064.085,190.46,4.0,False
LA,caldwell,22021,Caldwell Parish,Louisiana,9508,529.77,17.95,6.0,False
LA,cameron,22023,Cameron Parish,Louisiana,4907,1284.639,3.82,4.0,False
LA,catahoula,22025,Catahoula Parish,Louisiana,8625,709.252,12.16,6.0,False
LA,claiborne,22027,Claiborne Parish,Louisiana,13825,754.794,18.32,6.0,False
LA,concordia,22029,Concordia Parish,Louisiana,18138,695.706,26.07,5.0,False
LA,de soto,22031,De Soto Parish,Louisiana,26883,876.449,30.67,3.0,False
LA,east baton rouge,22033,East Baton Rouge Parish,Louisiana,451122,455.502,990.38,3.0,False
LA,east carroll,22035,East Carroll Parish,Louisiana,6966,420.887,16.55,6.0,False
LA,east feliciana,22037,East Feliciana Parish,Louisiana,19180,453.293,42.31,3.0,False
LA,evangeline,22039,Evangeline Parish,Louisiana,32084,662.431,48.43,6.0,False
LA,franklin,22041,Franklin Parish,Louisiana,19341,624.298,30.98,6.0,False
LA,grant,22043,Grant Parish,Louisiana,22022,643.75,34.21,4.0,False
LA,iberia,22045,Iberia Parish,Louisiana,68344,574.74,118.91,5.0,False
LA,iberville,22047,Iberville Parish,Louisiana,29696,617.275,48.11,3.0,False
LA,jackson,22049,Jackson Parish,Louisiana,14859,569.468,26.09,6.0,False
LA,jefferson,22051,Jefferson Parish,Louisiana,427739,300.864,1421.7,3.0,False
LA,jefferson davis,22053,Jefferson Davis Parish,Louisiana,31971,651.52,49.07,4.0,False
LA,lafayette,22055,Lafayette Parish,Louisiana,248145,268.827,923.07,3.0,False
LA,lafourche,22057,Lafourche Parish,Louisiana,95717,1067.793,89.64,4.0,False
LA,lasalle,22059,LaSalle Parish,Louisiana,14799,624.854,23.68,6.0,False
LA,lincoln,22061,Lincoln Parish,Louisiana,48056,471.636,101.89,5.0,False
LA,livingston,22063,Livingston Parish,Louisiana,148131,648.131,228.55,3.0,False
LA,madison,22065,Madison Parish,Louisiana,9492,623.885,15.21,6.0,False
LA,morehouse,22067,Morehouse Parish,Louisiana,24435,794.95,30.74,4.0,False
LA,natchitoches,22069,Natchitoches Parish,Louisiana,36711,1253.008,29.3,5.0,False
LA,orleans,22071,Orleans Parish,Louisiana,370473,169.5,2185.68,3.0,False
LA,ouachita,22073,Ouachita Parish,Louisiana,157812,610.35,258.56,4.0,False
LA,plaquemines,22075,Plaquemines Parish,Louisiana,22603,780.595,28.96,3.0,False
LA,pointe coupee,22077,Pointe Coupee Parish,Louisiana,20221,555.495,36.4,3.0,False
LA,rapides,22079,Rapides Parish,Louisiana,126977,1324.11,95.9,4.0,False
LA,red river,22081,Red River Parish,Louisiana,7487,388.98,19.25,6.0,False
LA,richland,22083,Richland Parish,Louisiana,19828,555.613,35.69,4.0,False
LA,sabine,22085,Sabine Parish,Louisiana,21984,866.631,25.37,6.0,False
LA,st bernard,22087,St. Bernard Parish,Louisiana,44474,377.517,117.81,3.0,False
LA,st charles,22089,St. Charles Parish,Louisiana,51038,277.742,183.76,3.0,False
LA,st helena,22091,St. Helena Parish,Louisiana,10814,408.527,26.47,3.0,False
LA,st james,22093,St. James Parish,Louisiana,19397,237.861,81.55,3.0,False
LA,st john the baptist,22095,St. John the Baptist Parish,Louisiana,39938,214.474,186.21,3.0,False
LA,st landry,22097,St. Landry Parish,Louisiana,81642,923.378,88.42,5.0,False
LA,st martin,22099,St. Martin Parish,Louisiana,51260,737.549,69.5,3.0,False
LA,st mary,22101,St. Mary Parish,Louisiana,47816,558.528,85.61,5.0,False
LA,st tammany,22103,St. Tammany Parish,Louisiana,273494,845.267,323.56,3.0,False
LA,tangipahoa,22105,Tangipahoa Parish,Louisiana,136734,791.18,172.82,4.0,False
LA,tensas,22107,Tensas Parish,Louisiana,3848,603.302,6.38,6.0,False
LA,terrebonne,22109,Terrebonne Parish,Louisiana,104642,1229.888,85.08,4.0,False
LA,union,22111,Union Parish,Louisiana,20691,876.913,23.6,4.0,False
LA,vermilion,22113,Vermilion Parish,Louisiana,56958,1172.055,48.6,3.0,False
LA,vernon,22115,Vernon Parish,Louisiana,46861,1326.728,35.32,6.0,False
LA,washington,22117,Washington Parish,Louisiana,45002,669.637,67.2,5.0,False
LA,webster,22119,Webster Parish,Louisiana,35635,593.319,60.06,5.0,False
LA,west baton rouge,22121,West Baton Rouge Parish,Louisiana,28045,192.346,145.8,3.0,False
LA,west carroll,22123,West Carroll Parish,Louisiana,9482,359.686,26.36,6.0,False
LA,west feliciana,22125,West Feliciana Parish,Louisiana,15390,403.217,38.17,3.0,False
LA,winn,22127,Winn Parish,Louisiana,13305,950.004,14.01,6.0,False
MA,barnstable,25001,Barnstable County,Massachusetts,232571,394.2,589.98,4.0,False
MA,berkshire,25003,Berkshire County,Massachusetts,129551,926.874,139.77,4.0,False
MA,bristol,25005,Bristol County,Massachusetts,581201,553.113,1050.78,2.0,False
MA,dukes,25007,Dukes County,Massachusetts,21033,103.202,203.8,5.0,False
MA,essex,25009,Essex County,Massachusetts,810039,492.514,1644.7,2.0,False
MA,franklin,25011,Franklin County,Massachusetts,71050,699.209,101.61,5.0,False
MA,hampden,25013,Hampden County,Massachusetts,461440,617.005,747.87,3.0,False
MA,hampshire,25015,Hampshire County,Massachusetts,165397,527.236,313.71,4.0,False
MA,middlesex,25017,Middlesex County,Massachusetts,1629805,817.878,1992.72,2.0,False
MA,nantucket,25019,Nantucket County,Massachusetts,14464,46.192,313.13,5.0,False
MA,norfolk,25021,Norfolk County,Massachusetts,728619,396.103,1839.47,2.0,False
MA,plymouth,25023,Plymouth County,Massachusetts,534297,658.502,811.38,2.0,False
MA,suffolk,25025,Suffolk County,Massachusetts,777266,58.257,13342.02,1.0,False
MA,worcester,25027,Worcester County,Massachusetts,865735,1510.678,573.08,3.0,False
MD,allegany,24001,Allegany County,Maryland,67241,422.199,159.26,5.0,False
MD,anne arundel,24003,Anne Arundel County,Maryland,598751,414.806,1443.45,2.0,False
MD,baltimore,24005,Baltimore County + Baltimore city,Maryland,1419536,679.304,2089.69,1.0,True
MD,calvert,24009,Calvert County,Maryland,94652,213.19,443.98,4.0,False
MD,caroline,24011,Caroline County,Maryland,33539,319.442,104.99,6.0,False
MD,carroll,24013,Carroll County,Maryland,175569,447.615,392.23,2.0,False
MD,cecil,24015,Cecil County,Maryland,104939,346.3,303.03,2.0,False
MD,charles,24017,Charles County,Maryland,170376,457.819,372.15,2.0,False
MD,dorchester,24019,Dorchester County,Maryland,32599,540.765,60.28,5.0,False
MD,frederick,24021,Frederick County,Maryland,288316,660.625,436.43,2.0,False
MD,garrett,24023,Garrett County,Maryland,28619,649.077,44.09,6.0,False
MD,harford,24025,Harford County,Maryland,263908,437.125,603.74,2.0,False
MD,howard,24027,Howard County,Maryland,336439,250.95,1340.66,2.0,False
MD,kent,24029,Kent County,Maryland,19360,276.939,69.91,6.0,False
MD,montgomery,24031,Montgomery County,Maryland,1061132,493.145,2151.76,2.0,False
MD,prince george's,24033,Prince George's County,Maryland,953609,482.595,1976.0,2.0,False
MD,queen anne's,24035,Queen Anne's County,Maryland,51803,371.669,139.38,2.0,False
MD,somerset,24039,Somerset County,Maryland,24696,319.749,77.24,4.0,False
MD,st mary's,24037,St. Mary's County,Maryland,115001,358.564,320.73,4.0,False
MD,talbot,24041,Talbot County,Maryland,37959,268.556,141.34,5.0,False
MD,washington,24043,Washington County,Maryland,155407,457.784,339.48,3.0,False
MD,wicomico,24045,Wicomico County,Maryland,104985,374.427,280.39,4.0,False
MD,worcester,24047,Worcester County,Maryland,54004,468.298,115.32,5.0,False
ME,androscoggin,23001,Androscoggin County,Maine,113454,467.954,242.45,4.0,False
ME,aroostook,23003,Aroostook County,Maine,67250,6671.172,10.08,6.0,False
ME,cumberland,23005,Cumberland County,Maine,309309,836.198,369.9,3.0,False
ME,franklin,23007,Franklin County,Maine,30604,1697.007,18.03,6.0,False
ME,hancock,23009,Hancock County,Maine,56677,1587.129,35.71,6.0,False
ME,kennebec,23011,Kennebec County,Maine,127143,867.471,146.57,5.0,False
ME,knox,23013,Knox County,Maine,41251,364.9,113.05,6.0,False
ME,lincoln,23015,Lincoln County,Maine,36263,455.867,79.55,6.0,False
ME,oxford,23017,Oxford County,Maine,59539,2076.958,28.67,6.0,False
ME,penobscot,23019,Penobscot County,Maine,154817,3397.186,45.57,4.0,False
ME,piscataquis,23021,Piscataquis County,Maine,17383,3960.847,4.39,6.0,False
ME,sagadahoc,23023,Sagadahoc County,Maine,37402,253.979,147.26,3.0,False
ME,somerset,23025,Somerset County,Maine,51027,3924.27,13.0,6.0,False
ME,waldo,23027,Waldo County,Maine,40212,730.227,55.07,6.0,False
ME,washington,23029,Washington County,Maine,31507,2562.725,12.29,6.0,False
ME,york,23031,York County,Maine,217084,991.195,219.01,3.0,False
MI,alcona,26001,Alcona County,Michigan,10375,674.655,15.38,6.0,False
MI,alger,26003,Alger County,Michigan,8767,915.034,9.58,6.0,False
MI,allegan,26005,Allegan County,Michigan,121262,825.253,146.94,5.0,False
MI,alpena,26007,Alpena County,Michigan,28813,571.899,50.38,5.0,False
MI,antrim,26009,Antrim County,Michigan,24296,475.679,51.08,6.0,False
MI,arenac,26011,Arenac County,Michigan,15115,363.178,41.62,6.0,False
MI,baraga,26013,Baraga County,Michigan,8194,898.427,9.12,6.0,False
MI,barry,26015,Barry County,Michigan,63389,553.104,114.61,2.0,False
MI,bay,26017,Bay County,Michigan,102754,442.409,232.26,4.0,False
MI,benzie,26019,Benzie County,Michigan,18336,319.697,57.35,4.0,False
MI,berrien,26021,Berrien County,Michigan,153064,567.795,269.58,4.0,False
MI,branch,26023,Branch County,Michigan,44612,506.411,88.09,5.0,False
MI,calhoun,26025,Calhoun County,Michigan,133475,706.259,188.99,4.0,False
MI,cass,26027,Cass County,Michigan,51409,490.125,104.89,3.0,False
MI,charlevoix,26029,Charlevoix County,Michigan,26117,416.33,62.73,6.0,False
MI,cheboygan,26031,Cheboygan County,Michigan,25946,715.279,36.27,6.0,False
MI,chippewa,26033,Chippewa County,Michigan,36236,1558.513,23.25,5.0,False
MI,clare,26035,Clare County,Michigan,31321,564.367,55.5,6.0,False
MI,clinton,26037,Clinton County,Michigan,79652,567.349,140.39,3.0,False
MI,crawford,26039,Crawford County,Michigan,13431,556.415,24.14,6.0,False
MI,delta,26041,Delta County,Michigan,36818,1171.094,31.44,5.0,False
MI,dickinson,26043,Dickinson County,Michigan,25977,760.95,34.14,5.0,False
MI,eaton,26045,Eaton County,Michigan,108962,575.209,189.43,3.0,False
MI,emmet,26047,Emmet County,Michigan,34204,467.546,73.16,5.0,False
MI,genesee,26049,Genesee County,Michigan,402031,636.944,631.19,3.0,False
MI,gladwin,26051,Gladwin County,Michigan,25667,501.787,51.15,6.0,False
MI,gogebic,26053,Gogebic County,Michigan,14399,1102.136,13.06,6.0,False
MI,grand traverse,26055,Grand Traverse County,Michigan,96337,464.336,207.47,4.0,False
MI,gratiot,26057,Gratiot County,Michigan,41134,568.383,72.37,5.0,False
MI,hillsdale,26059,Hillsdale County,Michigan,45714,598.152,76.43,5.0,False
MI,houghton,26061,Houghton County,Michigan,37792,1009.103,37.45,5.0,False
MI,huron,26063,Huron County,Michigan,31150,836.018,37.26,6.0,False
MI,ingham,26065,Ingham County,Michigan,284761,556.081,512.09,3.0,False
MI,ionia,26067,Ionia County,Michigan,66774,571.32,116.88,2.0,False
MI,iosco,26069,Iosco County,Michigan,25460,549.477,46.33,6.0,False
MI,iron,26071,Iron County,Michigan,11686,1166.096,10.02,6.0,False
MI,isabella,26073,Isabella County,Michigan,64483,572.7,112.59,5.0,False
MI,jackson,26075,Jackson County,Michigan,159828,701.903,227.71,4.0,False
MI,kalamazoo,26077,Kalamazoo County,Michigan,261417,561.959,465.19,3.0,False
MI,kalkaska,26079,Kalkaska County,Michigan,18230,559.744,32.57,4.0,False
MI,kent,26081,Kent County,Michigan,660134,848.931,777.61,1.0,False
MI,keweenaw,26083,Keweenaw County,Michigan,2151,540.112,3.98,5.0,False
MI,lake,26085,Lake County,Michigan,12665,567.595,22.31,6.0,False
MI,lapeer,26087,Lapeer County,Michigan,88701,646.983,137.1,2.0,False
MI,leelanau,26089,Leelanau County,Michigan,22891,347.2,65.93,4.0,False
MI,lenawee,26091,Lenawee County,Michigan,98284,749.638,131.11,5.0,False
MI,livingston,26093,Livingston County,Michigan,196083,565.284,346.88,2.0,False
MI,luce,26095,Luce County,Michigan,6254,899.075,6.96,6.0,False
MI,mackinac,26097,Mackinac County,Michigan,10983,1021.879,10.75,6.0,False
MI,macomb,26099,Macomb County,Michigan,875735,479.35,1826.92,2.0,False
MI,manistee,26101,Manistee County,Michigan,25334,542.325,46.71,6.0,False
MI,marquette,26103,Marquette County,Michigan,67103,1809.068,37.09,5.0,False
MI,mason,26105,Mason County,Michigan,29357,494.969,59.31,5.0,False
MI,mecosta,26107,Mecosta County,Michigan,41424,555.155,74.62,5.0,False
MI,menominee,26109,Menominee County,Michigan,23289,1044.041,22.31,5.0,False
MI,midland,26111,Midland County,Michigan,83761,518.434,161.57,4.0,False
MI,missaukee,26113,Missaukee County,Michigan,15228,564.788,26.96,5.0,False
MI,monroe,26115,Monroe County,Michigan,155412,549.362,282.9,4.0,False
MI,montcalm,26117,Montcalm County,Michigan,67317,705.329,95.44,2.0,False
MI,montmorency,26119,Montmorency County,Michigan,9563,546.675,17.49,6.0,False
MI,muskegon,26121,Muskegon County,Michigan,175526,503.914,348.33,4.0,False
MI,newaygo,26123,Newaygo County,Michigan,50771,838.887,60.52,6.0,False
MI,oakland,26125,Oakland County,Michigan,1275098,867.399,1470.02,2.0,False
MI,oceana,26127,Oceana County,Michigan,26964,538.105,50.11,6.0,False
MI,ogemaw,26129,Ogemaw County,Michigan,20890,563.506,37.07,6.0,False
MI,ontonagon,26131,Ontonagon County,Michigan,5895,1310.978,4.5,6.0,False
MI,osceola,26133,Osceola County,Michigan,23257,566.286,41.07,6.0,False
MI,oscoda,26135,Oscoda County,Michigan,8400,565.674,14.85,6.0,False
MI,otsego,26137,Otsego County,Michigan,25583,515.006,49.68,6.0,False
MI,ottawa,26139,Ottawa County,Michigan,300910,563.52,533.98,2.0,False
MI,presque isle,26141,Presque Isle County,Michigan,13357,658.718,20.28,6.0,False
MI,roscommon,26143,Roscommon County,Michigan,23711,519.897,45.61,6.0,False
MI,saginaw,26145,Saginaw County,Michigan,188425,800.807,235.29,4.0,False
MI,sanilac,26151,Sanilac County,Michigan,40536,962.571,42.11,6.0,False
MI,schoolcraft,26153,Schoolcraft County,Michigan,8189,1171.876,6.99,6.0,False
MI,shiawassee,26155,Shiawassee County,Michigan,67970,530.967,128.01,5.0,False
MI,st clair,26147,St. Clair County,Michigan,159882,721.501,221.6,2.0,False
MI,st joseph,26149,St. Joseph County,Michigan,60814,500.639,121.47,5.0,False
MI,tuscola,26157,Tuscola County,Michigan,52932,804.84,65.77,6.0,False
MI,van buren,26159,Van Buren County,Michigan,75690,607.793,124.53,6.0,False
MI,washtenaw,26161,Washtenaw County,Michigan,367947,706.003,521.17,3.0,False
MI,wayne,26163,Wayne County,Michigan,1763011,611.84,2881.49,1.0,False
MI,wexford,26165,Wexford County,Michigan,34062,564.924,60.29,5.0,False
MN,aitkin,27001,Aitkin County,Minnesota,16142,1821.317,8.86,6.0,False
MN,anoka,27003,Anoka County,Minnesota,369479,421.973,875.6,2.0,False
MN,becker,27005,Becker County,Minnesota,35387,1315.037,26.91,5.0,False
MN,beltrami,27007,Beltrami County,Minnesota,46440,2504.643,18.54,5.0,False
MN,benton,27009,Benton County,Minnesota,41570,408.303,101.81,4.0,False
MN,big stone,27011,Big Stone County,Minnesota,5145,499.129,10.31,6.0,False
MN,blue earth,27013,Blue Earth County,Minnesota,69681,747.836,93.18,4.0,False
MN,brown,27015,Brown County,Minnesota,25786,611.109,42.2,5.0,False
MN,carlton,27017,Carlton County,Minnesota,36501,861.191,42.38,3.0,False
MN,carver,27019,Carver County,Minnesota,110215,353.879,311.45,2.0,False
MN,cass,27021,Cass County,Minnesota,31287,2021.462,15.48,5.0,False
MN,chippewa,27023,Chippewa County,Minnesota,12335,581.225,21.22,6.0,False
MN,chisago,27025,Chisago County,Minnesota,57918,414.901,139.59,2.0,False
MN,clay,27027,Clay County,Minnesota,65989,1045.176,63.14,3.0,False
MN,clearwater,27029,Clearwater County,Minnesota,8636,999.003,8.64,6.0,False
MN,cook,27031,Cook County,Minnesota,5732,1452.576,3.95,6.0,False
MN,cottonwood,27033,Cottonwood County,Minnesota,11416,639.973,17.84,6.0,False
MN,crow wing,27035,Crow Wing County,Minnesota,67862,998.41,67.97,5.0,False
MN,dakota,27037,Dakota County,Minnesota,443982,562.557,789.22,2.0,False
MN,dodge,27039,Dodge County,Minnesota,21027,439.396,47.85,4.0,False
MN,douglas,27041,Douglas County,Minnesota,39665,636.878,62.28,5.0,False
MN,faribault,27043,Faribault County,Minnesota,13957,712.479,19.59,6.0,False
MN,fillmore,27045,Fillmore County,Minnesota,21475,861.333,24.93,4.0,False
MN,freeborn,27047,Freeborn County,Minnesota,30674,707.245,43.37,5.0,False
MN,goodhue,27049,Goodhue County,Minnesota,48055,756.713,63.5,5.0,False
MN,grant,27051,Grant County,Minnesota,6134,547.8,11.2,6.0,False
MN,hennepin,27053,Hennepin County,Minnesota,1258981,554.019,2272.45,1.0,False
MN,houston,27055,Houston County,Minnesota,18715,552.115,33.9,4.0,False
MN,hubbard,27057,Hubbard County,Minnesota,21925,926.021,23.68,6.0,False
MN,isanti,27059,Isanti County,Minnesota,42725,435.781,98.04,2.0,False
MN,itasca,27061,Itasca County,Minnesota,45258,2667.516,16.97,5.0,False
MN,jackson,27063,Jackson County,Minnesota,9905,702.972,14.09,6.0,False
MN,kanabec,27065,Kanabec County,Minnesota,16465,521.61,31.57,6.0,False
MN,kandiyohi,27067,Kandiyohi County,Minnesota,43904,797.368,55.06,5.0,False
MN,kittson,27069,Kittson County,Minnesota,4058,1099.0,3.69,6.0,False
MN,koochiching,27071,Koochiching County,Minnesota,11846,3104.706,3.82,6.0,False
MN,lac qui parle,27073,Lac qui Parle County,Minnesota,6688,765.021,8.74,6.0,False
MN,lake,27075,Lake County,Minnesota,10919,2109.108,5.18,6.0,False
MN,lake of the woods,27077,Lake of the Woods County,Minnesota,3902,1297.653,3.01,6.0,False
MN,le sueur,27079,Le Sueur County,Minnesota,29205,448.776,65.08,2.0,False
MN,lincoln,27081,Lincoln County,Minnesota,5626,536.786,10.48,6.0,False
MN,lyon,27083,Lyon County,Minnesota,25513,714.411,35.71,5.0,False
MN,mahnomen,27087,Mahnomen County,Minnesota,5354,557.867,9.6,6.0,False
MN,marshall,27089,Marshall County,Minnesota,8890,1775.06,5.01,6.0,False
MN,martin,27091,Martin County,Minnesota,19687,712.331,27.64,5.0,False
MN,mcleod,27085,McLeod County,Minnesota,36791,491.51,74.85,5.0,False
MN,meeker,27093,Meeker County,Minnesota,23526,607.968,38.7,6.0,False
MN,mille lacs,27095,Mille Lacs County,Minnesota,27270,572.306,47.65,2.0,False
MN,morrison,27097,Morrison County,Minnesota,34284,1125.094,30.47,6.0,False
MN,mower,27099,Mower County,Minnesota,40174,711.273,56.48,5.0,False
MN,murray,27101,Murray County,Minnesota,8051,704.667,11.43,6.0,False
MN,nicollet,27103,Nicollet County,Minnesota,34381,448.504,76.66,4.0,False
MN,nobles,27105,Nobles County,Minnesota,22030,715.117,30.81,5.0,False
MN,norman,27107,Norman County,Minnesota,6354,872.789,7.28,6.0,False
MN,olmsted,27109,Olmsted County,Minnesota,164151,653.509,251.18,4.0,False
MN,otter tail,27111,Otter Tail County,Minnesota,60530,1971.635,30.7,5.0,False
MN,pennington,27113,Pennington County,Minnesota,13832,616.52,22.44,6.0,False
MN,pine,27115,Pine County,Minnesota,29458,1411.337,20.87,6.0,False
MN,pipestone,27117,Pipestone County,Minnesota,9320,465.053,20.04,6.0,False
MN,polk,27119,Polk County,Minnesota,30760,1970.999,15.61,4.0,False
MN,pope,27121,Pope County,Minnesota,11429,674.559,16.94,6.0,False
MN,ramsey,27123,Ramsey County,Minnesota,538430,152.257,3536.32,1.0,False
MN,red lake,27125,Red Lake County,Minnesota,3888,432.407,8.99,6.0,False
MN,redwood,27127,Redwood County,Minnesota,15362,878.573,17.49,6.0,False
MN,renville,27129,Renville County,Minnesota,14540,982.896,14.79,6.0,False
MN,rice,27131,Rice County,Minnesota,67696,495.845,136.53,5.0,False
MN,rock,27133,Rock County,Minnesota,9596,482.459,19.89,3.0,False
MN,roseau,27135,Roseau County,Minnesota,15359,1671.739,9.19,6.0,False
MN,scott,27139,Scott County,Minnesota,154606,356.11,434.15,2.0,False
MN,sherburne,27141,Sherburne County,Minnesota,100617,432.948,232.4,2.0,False
MN,sibley,27143,Sibley County,Minnesota,14964,588.809,25.41,6.0,False
MN,st louis,27137,St. Louis County,Minnesota,199598,6248.121,31.95,3.0,False
MN,stearns,27145,Stearns County,Minnesota,160556,1342.882,119.56,4.0,False
MN,steele,27147,Steele County,Minnesota,37470,429.548,87.23,5.0,False
MN,stevens,27149,Stevens County,Minnesota,9692,563.662,17.19,6.0,False
MN,swift,27151,Swift County,Minnesota,9774,742.016,13.17,6.0,False
MN,todd,27153,Todd County,Minnesota,25568,945.098,27.05,6.0,False
MN,traverse,27155,Traverse County,Minnesota,3261,573.872,5.68,6.0,False
MN,wabasha,27157,Wabasha County,Minnesota,21654,522.933,41.41,4.0,False
MN,wadena,27159,Wadena County,Minnesota,14284,536.347,26.63,6.0,False
MN,waseca,27161,Waseca County,Minnesota,18884,423.361,44.6,6.0,False
MN,washington,27163,Washington County,Minnesota,276530,384.753,718.72,2.0,False
MN,watonwan,27165,Watonwan County,Minnesota,11245,434.947,25.85,6.0,False
MN,wilkin,27167,Wilkin County,Minnesota,6363,751.038,8.47,5.0,False
MN,winona,27169,Winona County,Minnesota,49585,626.191,79.19,5.0,False
MN,wright,27171,Wright County,Minnesota,148218,661.144,224.18,2.0,False
MN,yellow medicine,27173,Yellow Medicine County,Minnesota,9484,759.101,12.49,6.0,False
MO,adair,29001,Adair County,Missouri,25155,567.324,44.34,5.0,False
MO,andrew,29003,Andrew County,Missouri,18008,432.634,41.62,4.0,False
MO,atchison,29005,Atchison County,Missouri,5163,547.285,9.43,6.0,False
MO,audrain,29007,Audrain County,Missouri,24455,692.25,35.33,5.0,False
MO,barry,29009,Barry County,Missouri,34931,778.122,44.89,6.0,False
MO,barton,29011,Barton County,Missouri,11695,592.03,19.75,6.0,False
MO,bates,29013,Bates County,Missouri,16156,836.696,19.31,2.0,False
MO,benton,29015,Benton County,Missouri,20216,704.033,28.71,6.0,False
MO,bollinger,29017,Bollinger County,Missouri,10510,617.904,17.01,4.0,False
MO,boone,29019,Boone County,Missouri,187743,685.551,273.86,4.0,False
MO,buchanan,29021,Buchanan County,Missouri,82956,408.249,203.2,4.0,False
MO,butler,29023,Butler County,Missouri,42150,694.754,60.67,5.0,False
MO,caldwell,29025,Caldwell County,Missouri,8939,426.393,20.96,2.0,False
MO,callaway,29027,Callaway County,Missouri,44760,834.565,53.63,4.0,False
MO,camden,29029,Camden County,Missouri,43779,656.036,66.73,6.0,False
MO,cape girardeau,29031,Cape Girardeau County,Missouri,82940,578.517,143.37,4.0,False
MO,carroll,29033,Carroll County,Missouri,8410,694.622,12.11,6.0,False
MO,carter,29035,Carter County,Missouri,5267,507.359,10.38,6.0,False
MO,cass,29037,Cass County,Missouri,110345,696.615,158.4,2.0,False
MO,cedar,29039,Cedar County,Missouri,14612,474.47,30.8,6.0,False
MO,chariton,29041,Chariton County,Missouri,7395,751.178,9.84,6.0,False
MO,christian,29043,Christian County,Missouri,93130,562.603,165.53,3.0,False
MO,clark,29045,Clark County,Missouri,6714,504.606,13.31,6.0,False
MO,clay,29047,Clay County,Missouri,257037,397.658,646.38,2.0,False
MO,clinton,29049,Clinton County,Missouri,21339,418.94,50.94,2.0,False
MO,cole,29051,Cole County,Missouri,76977,391.532,196.6,4.0,False
MO,cooper,29053,Cooper County,Missouri,16741,564.746,29.64,4.0,False
MO,crawford,29055,Crawford County,Missouri,22622,742.477,30.47,6.0,False
MO,dade,29057,Dade County,Missouri,7679,490.01,15.67,6.0,False
MO,dallas,29059,Dallas County,Missouri,17610,540.951,32.55,3.0,False
MO,daviess,29061,Daviess County,Missouri,8455,563.282,15.01,6.0,False
MO,dekalb,29063,DeKalb County,Missouri,11307,421.358,26.83,4.0,False
MO,dent,29065,Dent County,Missouri,14471,752.761,19.22,6.0,False
MO,douglas,29067,Douglas County,Missouri,11967,813.623,14.71,6.0,False
MO,dunklin,29069,Dunklin County,Missouri,27444,541.909,50.64,5.0,False
MO,franklin,29071,Franklin County,Missouri,105865,922.684,114.74,2.0,False
MO,gasconade,29073,Gasconade County,Missouri,14800,519.005,28.52,6.0,False
MO,gentry,29075,Gentry County,Missouri,6291,491.422,12.8,6.0,False
MO,greene,29077,Greene County,Missouri,303336,675.329,449.17,3.0,False
MO,grundy,29079,Grundy County,Missouri,9828,435.293,22.58,6.0,False
MO,harrison,29081,Harrison County,Missouri,8213,722.517,11.37,6.0,False
MO,henry,29083,Henry County,Missouri,22404,696.936,32.15,6.0,False
MO,hickory,29085,Hickory County,Missouri,8576,398.808,21.5,6.0,False
MO,holt,29087,Holt County,Missouri,4265,462.693,9.22,6.0,False
MO,howard,29089,Howard County,Missouri,10169,463.801,21.93,4.0,False
MO,howell,29091,Howell County,Missouri,40612,927.177,43.8,5.0,False
MO,iron,29093,Iron County,Missouri,9411,550.263,17.1,6.0,False
MO,jackson,29095,Jackson County,Missouri,716580,604.52,1185.37,1.0,False
MO,jasper,29097,Jasper County,Missouri,123969,638.506,194.15,4.0,False
MO,jefferson,29099,Jefferson County,Missouri,229268,656.264,349.35,2.0,False
MO,johnson,29101,Johnson County,Missouri,54423,829.262,65.63,5.0,False
MO,knox,29103,Knox County,Missouri,3777,504.01,7.49,6.0,False
MO,laclede,29105,Laclede County,Missouri,36330,764.627,47.51,5.0,False
MO,lafayette,29107,Lafayette County,Missouri,32937,628.284,52.42,2.0,False
MO,lawrence,29109,Lawrence County,Missouri,38672,611.753,63.22,6.0,False
MO,lewis,29111,Lewis County,Missouri,9888,505.018,19.58,5.0,False
MO,lincoln,29113,Lincoln County,Missouri,63184,626.563,100.84,2.0,False
MO,linn,29115,Linn County,Missouri,11842,615.588,19.24,6.0,False
MO,livingston,29117,Livingston County,Missouri,14365,532.303,26.99,6.0,False
MO,macon,29121,Macon County,Missouri,15084,801.208,18.83,6.0,False
MO,madison,29123,Madison County,Missouri,12763,494.386,25.82,6.0,False
MO,maries,29125,Maries County,Missouri,8434,526.981,16.0,6.0,False
MO,marion,29127,Marion County,Missouri,28489,436.931,65.2,5.0,False
MO,mcdonald,29119,McDonald County,Missouri,23623,539.445,43.79,6.0,False
MO,mercer,29129,Mercer County,Missouri,3469,453.835,7.64,6.0,False
MO,miller,29131,Miller County,Missouri,25384,592.573,42.84,6.0,False
MO,mississippi,29133,Mississippi County,Missouri,11683,411.596,28.38,5.0,False
MO,moniteau,29135,Moniteau County,Missouri,15241,415.033,36.72,4.0,False
MO,monroe,29137,Monroe County,Missouri,8650,647.64,13.36,6.0,False
MO,montgomery,29139,Montgomery County,Missouri,11463,535.047,21.42,6.0,False
MO,morgan,29141,Morgan County,Missouri,21781,597.635,36.45,6.0,False
MO,new madrid,29143,New Madrid County,Missouri,15686,674.884,23.24,6.0,False
MO,newton,29145,Newton County,Missouri,60107,624.755,96.21,4.0,False
MO,nodaway,29147,Nodaway County,Missouri,20690,876.964,23.59,5.0,False
MO,oregon,29149,Oregon County,Missouri,8709,789.844,11.03,6.0,False
MO,osage,29151,Osage County,Missouri,13399,606.58,22.09,4.0,False
MO,ozark,29153,Ozark County,Missouri,8970,745.006,12.04,6.0,False
MO,pemiscot,29155,Pemiscot County,Missouri,14880,492.605,30.21,6.0,False
MO,perry,29157,Perry County,Missouri,18882,474.355,39.81,6.0,False
MO,pettis,29159,Pettis County,Missouri,43381,682.237,63.59,5.0,False
MO,phelps,29161,Phelps County,Missouri,45301,671.787,67.43,5.0,False
MO,pike,29163,Pike County,Missouri,17650,670.439,26.33,6.0,False
MO,platte,29165,Platte County,Missouri,110593,419.823,263.43,2.0,False
MO,polk,29167,Polk County,Missouri,32669,635.527,51.4,3.0,False
MO,pulaski,29169,Pulaski County,Missouri,53824,547.112,98.38,5.0,False
MO,putnam,29171,Putnam County,Missouri,4653,517.317,8.99,6.0,False
MO,ralls,29173,Ralls County,Missouri,10419,469.793,22.18,5.0,False
MO,randolph,29175,Randolph County,Missouri,24619,482.713,51.0,5.0,False
MO,ray,29177,Ray County,Missouri,23119,568.979,40.63,2.0,False
MO,reynolds,29179,Reynolds County,Missouri,5994,808.477,7.41,6.0,False
MO,ripley,29181,Ripley County,Missouri,10699,629.516,17.0,6.0,False
MO,saline,29195,Saline County,Missouri,23016,755.51,30.46,5.0,False
MO,schuyler,29197,Schuyler County,Missouri,4016,307.305,13.07,5.0,False
MO,scotland,29199,Scotland County,Missouri,4653,436.507,10.66,6.0,False
MO,scott,29201,Scott County,Missouri,37869,420.006,90.16,5.0,False
MO,shannon,29203,Shannon County,Missouri,7223,1003.82,7.2,6.0,False
MO,shelby,29205,Shelby County,Missouri,6004,500.863,11.99,6.0,False
MO,st charles,29183,St. Charles County,Missouri,414055,560.501,738.72,2.0,False
MO,st clair,29185,St. Clair County,Missouri,9581,674.981,14.19,6.0,False
MO,st francois,29187,St. Francois County,Missouri,66938,451.886,148.13,5.0,False
MO,st louis,29189,St. Louis County + St. Louis city,Missouri,1278173,569.715,2243.53,1.0,True
MO,ste genevieve,29186,Ste. Genevieve County,Missouri,18614,499.163,37.29,6.0,False
MO,stoddard,29207,Stoddard County,Missouri,28366,823.142,34.46,6.0,False
MO,stone,29209,Stone County,Missouri,32137,463.814,69.29,6.0,False
MO,sullivan,29211,Sullivan County,Missouri,5828,647.982,8.99,6.0,False
MO,taney,29213,Taney County,Missouri,56736,632.263,89.73,5.0,False
MO,texas,29215,Texas County,Missouri,25298,1177.267,21.49,6.0,False
MO,vernon,29217,Vernon County,Missouri,19608,826.391,23.73,6.0,False
MO,warren,29219,Warren County,Missouri,37292,428.592,87.01,2.0,False
MO,washington,29221,Washington County,Missouri,23389,759.866,30.78,6.0,False
MO,wayne,29223,Wayne County,Missouri,10807,759.186,14.23,6.0,False
MO,webster,29225,Webster County,Missouri,40369,592.563,68.13,3.0,False
MO,worth,29227,Worth County,Missouri,1943,266.629,7.29,6.0,False
MO,wright,29229,Wright County,Missouri,19108,681.774,28.03,6.0,False
MS,adams,28001,Adams County,Mississippi,28558,462.344,61.77,5.0,False
MS,alcorn,28003,Alcorn County,Mississippi,34094,400.044,85.23,5.0,False
MS,amite,28005,Amite County,Mississippi,12572,730.1,17.22,6.0,False
MS,attala,28007,Attala County,Mississippi,17529,734.957,23.85,6.0,False
MS,benton,28009,Benton County,Mississippi,7574,406.616,18.63,2.0,False
MS,bolivar,28011,Bolivar County,Mississippi,29443,876.507,33.59,5.0,False
MS,calhoun,28013,Calhoun County,Mississippi,12913,586.573,22.01,6.0,False
MS,carroll,28015,Carroll County,Mississippi,9747,628.388,15.51,5.0,False
MS,chickasaw,28017,Chickasaw County,Mississippi,16870,501.782,33.62,6.0,False
MS,choctaw,28019,Choctaw County,Mississippi,8086,418.197,19.34,6.0,False
MS,claiborne,28021,Claiborne County,Mississippi,8599,487.415,17.64,6.0,False
MS,clarke,28023,Clarke County,Mississippi,15212,691.576,22.0,5.0,False
MS,clay,28025,Clay County,Mississippi,18334,410.078,44.71,6.0,False
MS,coahoma,28027,Coahoma County,Mississippi,20404,553.102,36.89,5.0,False
MS,copiah,28029,Copiah County,Mississippi,27811,777.285,35.78,3.0,False
MS,covington,28031,Covington County,Mississippi,18126,413.819,43.8,6.0,False
MS,desoto,28033,DeSoto County,Mississippi,191585,476.394,402.16,2.0,False
MS,forrest,28035,Forrest County,Mississippi,78284,466.042,167.98,4.0,False
MS,franklin,28037,Franklin County,Mississippi,7619,563.964,13.51,6.0,False
MS,george,28039,George County,Mississippi,25219,478.699,52.68,6.0,False
MS,greene,28041,Greene County,Mississippi,13583,712.738,19.06,6.0,False
MS,grenada,28043,Grenada County,Mississippi,21152,422.122,50.11,5.0,False
MS,hancock,28045,Hancock County,Mississippi,46047,473.965,97.15,3.0,False
MS,harrison,28047,Harrison County,Mississippi,210972,573.636,367.78,3.0,False
MS,hinds,28049,Hinds County,Mississippi,217383,869.845,249.91,3.0,False
MS,holmes,28051,Holmes County,Mississippi,16147,756.674,21.34,3.0,False
MS,humphreys,28053,Humphreys County,Mississippi,7342,418.68,17.54,6.0,False
MS,issaquena,28055,Issaquena County,Mississippi,1284,412.98,3.11,6.0,False
MS,itawamba,28057,Itawamba County,Mississippi,24034,532.795,45.11,5.0,False
MS,jackson,28059,Jackson County,Mississippi,145218,722.825,200.9,3.0,False
MS,jasper,28061,Jasper County,Mississippi,16020,676.311,23.69,5.0,False
MS,jefferson,28063,Jefferson County,Mississippi,7086,519.933,13.63,5.0,False
MS,jefferson davis,28065,Jefferson Davis County,Mississippi,11086,408.446,27.14,6.0,False
MS,jones,28067,Jones County,Mississippi,66464,694.845,95.65,5.0,False
MS,kemper,28069,Kemper County,Mississippi,8692,766.182,11.34,6.0,False
MS,lafayette,28071,Lafayette County,Mississippi,58776,631.697,93.04,5.0,False
MS,lamar,28073,Lamar County,Mississippi,65811,496.57,132.53,4.0,False
MS,lauderdale,28075,Lauderdale County,Mississippi,71323,703.676,101.36,5.0,False
MS,lawrence,28077,Lawrence County,Mississippi,11766,430.602,27.32,6.0,False
MS,leake,28079,Leake County,Mississippi,21279,582.897,36.51,6.0,False
MS,lee,28081,Lee County,Mississippi,82946,449.965,184.34,5.0,False
MS,leflore,28083,Leflore County,Mississippi,26938,594.074,45.34,5.0,False
MS,lincoln,28085,Lincoln County,Mississippi,34807,586.207,59.38,5.0,False
MS,lowndes,28087,Lowndes County,Mississippi,57694,505.472,114.14,5.0,False
MS,madison,28089,Madison County,Mississippi,111694,714.211,156.39,3.0,False
MS,marion,28091,Marion County,Mississippi,24142,542.361,44.51,6.0,False
MS,marshall,28093,Marshall County,Mississippi,33897,706.192,48.0,2.0,False
MS,monroe,28095,Monroe County,Mississippi,33561,765.163,43.86,6.0,False
MS,montgomery,28097,Montgomery County,Mississippi,9547,406.981,23.46,5.0,False
MS,neshoba,28099,Neshoba County,Mississippi,28854,570.134,50.61,6.0,False
MS,newton,28101,Newton County,Mississippi,21017,577.77,36.38,6.0,False
MS,noxubee,28103,Noxubee County,Mississippi,10019,695.158,14.41,5.0,False
MS,oktibbeha,28105,Oktibbeha County,Mississippi,51661,458.239,112.74,5.0,False
MS,panola,28107,Panola County,Mississippi,32553,685.18,47.51,6.0,False
MS,pearl river,28109,Pearl River County,Mississippi,57338,811.325,70.67,5.0,False
MS,perry,28111,Perry County,Mississippi,11440,647.282,17.67,4.0,False
MS,pike,28113,Pike County,Mississippi,39592,409.185,96.76,5.0,False
MS,pontotoc,28115,Pontotoc County,Mississippi,31449,497.813,63.17,6.0,False
MS,prentiss,28117,Prentiss County,Mississippi,25094,414.985,60.47,5.0,False
MS,quitman,28119,Quitman County,Mississippi,5683,405.012,14.03,6.0,False
MS,rankin,28121,Rankin County,Mississippi,158733,775.498,204.69,3.0,False
MS,scott,28123,Scott County,Mississippi,27710,609.231,45.48,3.0,False
MS,sharkey,28125,Sharkey County,Mississippi,3483,431.72,8.07,6.0,False
MS,simpson,28127,Simpson County,Mississippi,25615,589.165,43.48,3.0,False
MS,smith,28129,Smith County,Mississippi,14095,636.268,22.15,6.0,False
MS,stone,28131,Stone County,Mississippi,18834,445.485,42.28,3.0,False
MS,sunflower,28133,Sunflower County,Mississippi,24314,697.759,34.85,6.0,False
MS,tallahatchie,28135,Tallahatchie County,Mississippi,11762,645.59,18.22,6.0,False
MS,tate,28137,Tate County,Mississippi,28372,404.763,70.1,2.0,False
MS,tippah,28139,Tippah County,Mississippi,21480,457.822,46.92,6.0,False
MS,tishomingo,28141,Tishomingo County,Mississippi,18626,424.297,43.9,6.0,False
MS,tunica,28143,Tunica County,Mississippi,9461,454.13,20.83,2.0,False
MS,union,28145,Union County,Mississippi,28130,415.607,67.68,6.0,False
MS,walthall,28147,Walthall County,Mississippi,13815,403.928,34.2,5.0,False
MS,warren,28149,Warren County,Mississippi,42684,588.536,72.53,5.0,False
MS,washington,28151,Washington County,Mississippi,42490,724.146,58.68,5.0,False
MS,wayne,28153,Wayne County,Mississippi,19617,810.716,24.2,6.0,False
MS,webster,28155,Webster County,Mississippi,9953,421.158,23.63,5.0,False
MS,wilkinson,28157,Wilkinson County,Mississippi,8175,678.012,12.06,6.0,False
MS,winston,28159,Winston County,Mississippi,17527,607.251,28.86,6.0,False
MS,yalobusha,28161,Yalobusha County,Mississippi,12395,467.151,26.53,5.0,False
MS,yazoo,28163,Yazoo County,Mississippi,24698,922.339,26.78,3.0,False
MT,beaverhead,30001,Beaverhead County,Montana,9742,5542.687,1.76,6.0,False
MT,big horn,30003,Big Horn County,Montana,12858,4997.778,2.57,6.0,False
MT,blaine,30005,Blaine County,Montana,6956,4227.517,1.65,6.0,False
MT,broadwater,30007,Broadwater County,Montana,7787,1192.359,6.53,4.0,False
MT,carbon,30009,Carbon County,Montana,11241,2047.889,5.49,4.0,False
MT,carter,30011,Carter County,Montana,1402,3340.477,0.42,6.0,False
MT,cascade,30013,Cascade County,Montana,84908,2698.206,31.47,4.0,False
MT,chouteau,30015,Chouteau County,Montana,5917,3972.52,1.49,6.0,False
MT,custer,30017,Custer County,Montana,12005,3783.309,3.17,6.0,False
MT,daniels,30019,Daniels County,Montana,1644,1426.27,1.15,6.0,False
MT,dawson,30021,Dawson County,Montana,8801,2371.926,3.71,6.0,False
MT,deer lodge,30023,Deer Lodge County,Montana,9541,736.683,12.95,6.0,False
MT,fallon,30025,Fallon County,Montana,3047,1620.595,1.88,6.0,False
MT,fergus,30027,Fergus County,Montana,11669,4339.329,2.69,6.0,False
MT,flathead,30029,Flathead County,Montana,111783,5087.302,21.97,5.0,False
MT,gallatin,30031,Gallatin County,Montana,124733,2605.354,47.88,4.0,False
MT,garfield,30033,Garfield County,Montana,1221,4676.56,0.26,6.0,False
MT,glacier,30035,Glacier County,Montana,13637,2995.151,4.55,6.0,False
MT,golden valley,30037,Golden Valley County,Montana,838,1174.423,0.71,6.0,False
MT,granite,30039,Granite County,Montana,3482,1727.162,2.02,6.0,False
MT,hill,30041,Hill County,Montana,16069,2899.396,5.54,6.0,False
MT,jefferson,30043,Jefferson County,Montana,12864,1656.997,7.76,4.0,False
MT,judith basin,30045,Judith Basin County,Montana,2082,1869.687,1.11,6.0,False
MT,lake,30047,Lake County,Montana,32821,1490.47,22.02,6.0,False
MT,lewis and clark,30049,Lewis and Clark County,Montana,73681,3458.381,21.31,4.0,False
MT,liberty,30051,Liberty County,Montana,1972,1429.988,1.38,6.0,False
MT,lincoln,30053,Lincoln County,Montana,21485,3612.559,5.95,6.0,False
MT,madison,30057,Madison County,Montana,9237,3588.156,2.57,6.0,False
MT,mccone,30055,McCone County,Montana,1712,2642.225,0.65,6.0,False
MT,meagher,30059,Meagher County,Montana,2025,2391.868,0.85,6.0,False
MT,mineral,30061,Mineral County,Montana,5037,1219.619,4.13,4.0,False
MT,missoula,30063,Missoula County,Montana,120931,2593.011,46.64,4.0,False
MT,musselshell,30065,Musselshell County,Montana,5188,1868.958,2.78,6.0,False
MT,park,30067,Park County,Montana,17783,2802.479,6.35,6.0,False
MT,petroleum,30069,Petroleum County,Montana,520,1655.625,0.31,6.0,False
MT,phillips,30071,Phillips County,Montana,4223,5140.422,0.82,6.0,False
MT,pondera,30073,Pondera County,Montana,6093,1624.567,3.75,6.0,False
MT,powder river,30075,Powder River County,Montana,1725,3298.196,0.52,6.0,False
MT,powell,30077,Powell County,Montana,7063,2326.043,3.04,6.0,False
MT,prairie,30079,Prairie County,Montana,1114,1736.603,0.64,6.0,False
MT,ravalli,30081,Ravalli County,Montana,47177,2390.967,19.73,6.0,False
MT,richland,30083,Richland County,Montana,11191,2084.556,5.37,6.0,False
MT,roosevelt,30085,Roosevelt County,Montana,10514,2354.602,4.47,6.0,False
MT,rosebud,30087,Rosebud County,Montana,8122,5008.135,1.62,6.0,False
MT,sanders,30089,Sanders County,Montana,13396,2760.4,4.85,6.0,False
MT,sheridan,30091,Sheridan County,Montana,3550,1676.941,2.12,6.0,False
MT,silver bow,30093,Silver Bow County,Montana,35876,717.99,49.97,5.0,False
MT,stillwater,30095,Stillwater County,Montana,9194,1796.531,5.12,4.0,False
MT,sweet grass,30097,Sweet Grass County,Montana,3724,1855.536,2.01,6.0,False
MT,teton,30099,Teton County,Montana,6349,2271.616,2.79,6.0,False
MT,toole,30101,Toole County,Montana,5072,1914.864,2.65,6.0,False
MT,treasure,30103,Treasure County,Montana,749,977.801,0.77,6.0,False
MT,valley,30105,Valley County,Montana,7560,4926.115,1.53,6.0,False
MT,wheatland,30107,Wheatland County,Montana,2043,1422.481,1.44,6.0,False
MT,wibaux,30109,Wibaux County,Montana,924,889.571,1.04,6.0,False
MT,yellowstone,30111,Yellowstone County,Montana,169817,2633.4,64.49,4.0,False
NC,alamance,37001,Alamance County,North Carolina,176544,423.463,416.91,4.0,False
NC,alexander,37003,Alexander County,North Carolina,36237,259.989,139.38,3.0,False
NC,alleghany,37005,Alleghany County,North Carolina,11187,234.835,47.64,6.0,False
NC,anson,37007,Anson County,North Carolina,22346,531.461,42.05,2.0,False
NC,ashe,37009,Ashe County,North Carolina,27062,426.266,63.49,6.0,False
NC,avery,37011,Avery County,North Carolina,17550,247.338,70.96,6.0,False
NC,beaufort,37013,Beaufort County,North Carolina,44356,832.736,53.27,5.0,False
NC,bertie,37015,Bertie County,North Carolina,16947,699.176,24.24,6.0,False
NC,bladen,37017,Bladen County,North Carolina,29365,874.956,33.56,6.0,False
NC,brunswick,37019,Brunswick County,North Carolina,152836,850.069,179.79,3.0,False
NC,buncombe,37021,Buncombe County,North Carolina,274112,656.49,417.54,3.0,False
NC,burke,37023,Burke County,North Carolina,87732,506.237,173.3,3.0,False
NC,cabarrus,37025,Cabarrus County,North Carolina,236078,361.232,653.54,2.0,False
NC,caldwell,37027,Caldwell County,North Carolina,80259,471.885,170.08,3.0,False
NC,camden,37029,Camden County,North Carolina,11089,240.326,46.14,2.0,False
NC,carteret,37031,Carteret County,North Carolina,69369,507.606,136.66,5.0,False
NC,caswell,37033,Caswell County,North Carolina,22219,425.483,52.22,6.0,False
NC,catawba,37035,Catawba County,North Carolina,163286,401.374,406.82,3.0,False
NC,chatham,37037,Chatham County,North Carolina,80080,681.482,117.51,3.0,False
NC,cherokee,37039,Cherokee County,North Carolina,29431,455.54,64.61,6.0,False
NC,chowan,37041,Chowan County,North Carolina,13921,172.657,80.63,6.0,False
NC,clay,37043,Clay County,North Carolina,11610,215.001,54.0,6.0,False
NC,cleveland,37045,Cleveland County,North Carolina,100771,464.253,217.06,5.0,False
NC,columbus,37047,Columbus County,North Carolina,50027,938.198,53.32,6.0,False
NC,craven,37049,Craven County,North Carolina,102392,706.542,144.92,5.0,False
NC,cumberland,37051,Cumberland County,North Carolina,339068,652.566,519.59,3.0,False
NC,currituck,37053,Currituck County,North Carolina,31011,261.91,118.4,2.0,False
NC,dare,37055,Dare County,North Carolina,38047,383.229,99.28,5.0,False
NC,davidson,37057,Davidson County,North Carolina,172443,552.996,311.83,3.0,False
NC,davie,37059,Davie County,North Carolina,44087,263.699,167.19,3.0,False
NC,duplin,37061,Duplin County,North Carolina,49072,814.72,60.23,6.0,False
NC,durham,37063,Durham County,North Carolina,331568,287.549,1153.08,3.0,False
NC,edgecombe,37065,Edgecombe County,North Carolina,48481,505.436,95.92,4.0,False
NC,forsyth,37067,Forsyth County,North Carolina,389519,408.046,954.6,3.0,False
NC,franklin,37069,Franklin County,North Carolina,74326,491.802,151.13,2.0,False
NC,gaston,37071,Gaston County,North Carolina,234208,355.751,658.35,2.0,False
NC,gates,37073,Gates County,North Carolina,10373,340.612,30.45,2.0,False
NC,graham,37075,Graham County,North Carolina,8052,291.968,27.58,6.0,False
NC,granville,37077,Granville County,North Carolina,60867,531.991,114.41,6.0,False
NC,greene,37079,Greene County,North Carolina,20415,266.734,76.54,6.0,False
NC,guilford,37081,Guilford County,North Carolina,547195,645.988,847.07,3.0,False
NC,halifax,37083,Halifax County,North Carolina,47623,723.738,65.8,5.0,False
NC,harnett,37085,Harnett County,North Carolina,138583,595.099,232.87,5.0,False
NC,haywood,37087,Haywood County,North Carolina,62595,553.56,113.08,5.0,False
NC,henderson,37089,Henderson County,North Carolina,118336,372.948,317.3,3.0,False
NC,hertford,37091,Hertford County,North Carolina,19525,353.164,55.29,6.0,False
NC,hoke,37093,Hoke County,North Carolina,53759,390.153,137.79,3.0,False
NC,hyde,37095,Hyde County,North Carolina,4616,612.342,7.54,6.0,False
NC,iredell,37097,Iredell County,North Carolina,196129,574.437,341.43,2.0,False
NC,jackson,37099,Jackson County,North Carolina,43880,491.11,89.35,6.0,False
NC,johnston,37101,Johnston County,North Carolina,234762,792.017,296.41,2.0,False
NC,jones,37103,Jones County,North Carolina,9243,471.368,19.61,5.0,False
NC,lee,37105,Lee County,North Carolina,65687,255.072,257.52,5.0,False
NC,lenoir,37107,Lenoir County,North Carolina,54529,399.087,136.63,5.0,False
NC,lincoln,37109,Lincoln County,North Carolina,93103,295.851,314.7,2.0,False
NC,macon,37113,Macon County,North Carolina,37996,515.564,73.7,6.0,False
NC,madison,37115,Madison County,North Carolina,21912,449.615,48.74,3.0,False
NC,martin,37117,Martin County,North Carolina,21502,456.412,47.11,6.0,False
NC,mcdowell,37111,McDowell County,North Carolina,44759,439.954,101.74,5.0,False
NC,mecklenburg,37119,Mecklenburg County,North Carolina,1149349,523.612,2195.04,1.0,False
NC,mitchell,37121,Mitchell County,North Carolina,15051,221.251,68.03,6.0,False
NC,montgomery,37123,Montgomery County,North Carolina,25884,491.537,52.66,6.0,False
NC,moore,37125,Moore County,North Carolina,105548,697.627,151.3,4.0,False
NC,nash,37127,Nash County,North Carolina,95922,540.444,177.49,4.0,False
NC,new hanover,37129,New Hanover County,North Carolina,236147,192.225,1228.49,3.0,False
NC,northampton,37131,Northampton County,North Carolina,16806,536.71,31.31,5.0,False
NC,onslow,37133,Onslow County,North Carolina,206718,762.085,271.25,4.0,False
NC,orange,37135,Orange County,North Carolina,150744,397.543,379.19,3.0,False
NC,pamlico,37137,Pamlico County,North Carolina,12269,336.515,36.46,5.0,False
NC,pasquotank,37139,Pasquotank County,North Carolina,40818,226.878,179.91,5.0,False
NC,pender,37141,Pender County,North Carolina,65697,871.3,75.4,3.0,False
NC,perquimans,37143,Perquimans County,North Carolina,13243,247.173,53.58,6.0,False
NC,person,37145,Person County,North Carolina,39396,392.34,100.41,3.0,False
NC,pitt,37147,Pitt County,North Carolina,177090,652.366,271.46,4.0,False
NC,polk,37149,Polk County,North Carolina,20006,237.687,84.17,6.0,False
NC,randolph,37151,Randolph County,North Carolina,146174,782.336,186.84,3.0,False
NC,richmond,37153,Richmond County,North Carolina,42360,473.689,89.43,5.0,False
NC,robeson,37155,Robeson County,North Carolina,116313,947.294,122.78,5.0,False
NC,rockingham,37157,Rockingham County,North Carolina,92044,565.642,162.72,3.0,False
NC,rowan,37159,Rowan County,North Carolina,149514,511.61,292.24,2.0,False
NC,rutherford,37161,Rutherford County,North Carolina,64829,565.437,114.65,5.0,False
NC,sampson,37163,Sampson County,North Carolina,59096,945.932,62.47,6.0,False
NC,scotland,37165,Scotland County,North Carolina,33548,319.14,105.12,5.0,False
NC,stanly,37167,Stanly County,North Carolina,64285,395.08,162.71,5.0,False
NC,stokes,37169,Stokes County,North Carolina,45137,449.323,100.46,3.0,False
NC,surry,37171,Surry County,North Carolina,71489,532.644,134.22,5.0,False
NC,swain,37173,Swain County,North Carolina,13968,527.721,26.47,6.0,False
NC,transylvania,37175,Transylvania County,North Carolina,33668,378.358,88.98,5.0,False
NC,tyrrell,37177,Tyrrell County,North Carolina,3469,390.777,8.88,6.0,False
NC,union,37179,Union County,North Carolina,249714,632.739,394.66,2.0,False
NC,vance,37181,Vance County,North Carolina,42258,252.396,167.43,5.0,False
NC,wake,37183,Wake County,North Carolina,1174107,834.607,1406.78,1.0,False
NC,warren,37185,Warren County,North Carolina,18700,429.392,43.55,6.0,False
NC,washington,37187,Washington County,North Carolina,10798,346.51,31.16,6.0,False
NC,watauga,37189,Watauga County,North Carolina,55404,312.44,177.33,5.0,False
NC,wayne,37191,Wayne County,North Carolina,118185,553.922,213.36,4.0,False
NC,wilkes,37193,Wilkes County,North Carolina,65801,753.678,87.31,5.0,False
NC,wilson,37195,Wilson County,North Carolina,78838,367.574,214.48,5.0,False
NC,yadkin,37197,Yadkin County,North Carolina,37539,334.943,112.08,3.0,False
NC,yancey,37199,Yancey County,North Carolina,18790,312.592,60.11,6.0,False
ND,adams,38001,Adams County,North Dakota,2106,987.547,2.13,6.0,False
ND,barnes,38003,Barnes County,North Dakota,10743,1491.559,7.2,6.0,False
ND,benson,38005,Benson County,North Dakota,5794,1388.555,4.17,6.0,False
ND,billings,38007,Billings County,North Dakota,1022,1148.488,0.89,5.0,False
ND,bottineau,38009,Bottineau County,North Dakota,6372,1668.858,3.82,6.0,False
ND,bowman,38011,Bowman County,North Dakota,2892,1161.809,2.49,6.0,False
ND,burke,38013,Burke County,North Dakota,2133,1103.619,1.93,6.0,False
ND,burleigh,38015,Burleigh County,North Dakota,100436,1632.694,61.52,4.0,False
ND,cass,38017,Cass County,North Dakota,193670,1764.935,109.73,3.0,False
ND,cavalier,38019,Cavalier County,North Dakota,3616,1489.125,2.43,6.0,False
ND,dickey,38021,Dickey County,North Dakota,4941,1131.493,4.37,6.0,False
ND,divide,38023,Divide County,North Dakota,2174,1261.13,1.72,6.0,False
ND,dunn,38025,Dunn County,North Dakota,4005,2008.492,1.99,5.0,False
ND,eddy,38027,Eddy County,North Dakota,2311,630.239,3.67,6.0,False
ND,emmons,38029,Emmons County,North Dakota,3267,1508.401,2.17,6.0,False
ND,foster,38031,Foster County,North Dakota,3377,634.08,5.33,6.0,False
ND,golden valley,38033,Golden Valley County,North Dakota,1746,1000.885,1.74,6.0,False
ND,grand forks,38035,Grand Forks County,North Dakota,72103,1436.216,50.2,4.0,False
ND,grant,38037,Grant County,North Dakota,2248,1659.233,1.35,6.0,False
ND,griggs,38039,Griggs County,North Dakota,2268,708.685,3.2,6.0,False
ND,hettinger,38041,Hettinger County,North Dakota,2425,1132.239,2.14,6.0,False
ND,kidder,38043,Kidder County,North Dakota,2396,1351.062,1.77,6.0,False
ND,lamoure,38045,LaMoure County,North Dakota,4061,1146.005,3.54,6.0,False
ND,logan,38047,Logan County,North Dakota,1849,992.599,1.86,6.0,False
ND,mchenry,38049,McHenry County,North Dakota,5208,1873.942,2.78,4.0,False
ND,mcintosh,38051,McIntosh County,North Dakota,2503,974.563,2.57,6.0,False
ND,mckenzie,38053,McKenzie County,North Dakota,13905,2760.133,5.04,6.0,False
ND,mclean,38055,McLean County,North Dakota,9851,2110.272,4.67,6.0,False
ND,mercer,38057,Mercer County,North Dakota,8333,1042.781,7.99,6.0,False
ND,morton,38059,Morton County,North Dakota,33741,1925.888,17.52,4.0,False
ND,mountrail,38061,Mountrail County,North Dakota,9255,1825.163,5.07,6.0,False
ND,nelson,38063,Nelson County,North Dakota,3011,981.815,3.07,6.0,False
ND,oliver,38065,Oliver County,North Dakota,1858,722.404,2.57,4.0,False
ND,pembina,38067,Pembina County,North Dakota,6764,1118.535,6.05,6.0,False
ND,pierce,38069,Pierce County,North Dakota,3944,1018.285,3.87,6.0,False
ND,ramsey,38071,Ramsey County,North Dakota,11552,1185.367,9.75,6.0,False
ND,ransom,38073,Ransom County,North Dakota,5648,862.472,6.55,6.0,False
ND,renville,38075,Renville County,North Dakota,2267,877.244,2.58,4.0,False
ND,richland,38077,Richland County,North Dakota,16577,1435.674,11.55,5.0,False
ND,rolette,38079,Rolette County,North Dakota,11889,903.042,13.17,6.0,False
ND,sargent,38081,Sargent County,North Dakota,3823,858.483,4.45,6.0,False
ND,sheridan,38083,Sheridan County,North Dakota,1285,972.226,1.32,6.0,False
ND,sioux,38085,Sioux County,North Dakota,3697,1094.052,3.38,6.0,False
ND,slope,38087,Slope County,North Dakota,684,1215.264,0.56,6.0,False
ND,stark,38089,Stark County,North Dakota,32762,1334.913,24.54,5.0,False
ND,steele,38091,Steele County,North Dakota,1782,712.143,2.5,6.0,False
ND,stutsman,38093,Stutsman County,North Dakota,21518,2221.904,9.68,5.0,False
ND,towner,38095,Towner County,North Dakota,2060,1025.113,2.01,6.0,False
ND,traill,38097,Traill County,North Dakota,7958,861.871,9.23,6.0,False
ND,walsh,38099,Walsh County,North Dakota,10468,1281.607,8.17,6.0,False
ND,ward,38101,Ward County,North Dakota,68831,2013.029,34.19,4.0,False
ND,wells,38103,Wells County,North Dakota,3916,1270.533,3.08,6.0,False
ND,williams,38105,Williams County,North Dakota,38012,2077.6,18.3,5.0,False
NE,adams,31001,Adams County,Nebraska,31023,563.26,55.08,5.0,False
NE,antelope,31003,Antelope County,Nebraska,6299,857.157,7.35,6.0,False
NE,arthur,31005,Arthur County,Nebraska,427,715.152,0.6,6.0,False
NE,banner,31007,Banner County,Nebraska,656,746.039,0.88,5.0,False
NE,blaine,31009,Blaine County,Nebraska,448,710.702,0.63,6.0,False
NE,boone,31011,Boone County,Nebraska,5366,686.53,7.82,6.0,False
NE,box butte,31013,Box Butte County,Nebraska,10685,1075.161,9.94,6.0,False
NE,boyd,31015,Boyd County,Nebraska,1737,539.368,3.22,6.0,False
NE,brown,31017,Brown County,Nebraska,2894,1221.405,2.37,6.0,False
NE,buffalo,31019,Buffalo County,Nebraska,50528,968.246,52.19,5.0,False
NE,burt,31021,Burt County,Nebraska,6790,491.587,13.81,6.0,False
NE,butler,31023,Butler County,Nebraska,8432,584.789,14.42,6.0,False
NE,cass,31025,Cass County,Nebraska,27169,556.907,48.79,3.0,False
NE,cedar,31027,Cedar County,Nebraska,8366,740.189,11.3,6.0,False
NE,chase,31029,Chase County,Nebraska,3768,894.425,4.21,6.0,False
NE,cherry,31031,Cherry County,Nebraska,5495,5960.099,0.92,6.0,False
NE,cheyenne,31033,Cheyenne County,Nebraska,9524,1196.008,7.96,6.0,False
NE,clay,31035,Clay County,Nebraska,6070,572.289,10.61,5.0,False
NE,colfax,31037,Colfax County,Nebraska,10645,411.46,25.87,5.0,False
NE,cuming,31039,Cuming County,Nebraska,8970,570.49,15.72,6.0,False
NE,custer,31041,Custer County,Nebraska,10503,2575.458,4.08,6.0,False
NE,dakota,31043,Dakota County,Nebraska,21253,264.276,80.42,4.0,False
NE,dawes,31045,Dawes County,Nebraska,8250,1396.437,5.91,6.0,False
NE,dawson,31047,Dawson County,Nebraska,24048,1013.786,23.72,5.0,False
NE,deuel,31049,Deuel County,Nebraska,1900,439.825,4.32,6.0,False
NE,dixon,31051,Dixon County,Nebraska,5522,475.621,11.61,6.0,False
NE,dodge,31053,Dodge County,Nebraska,37130,528.844,70.21,5.0,False
NE,douglas,31055,Douglas County,Nebraska,587894,326.547,1800.34,3.0,False
NE,dundy,31057,Dundy County,Nebraska,1601,919.678,1.74,6.0,False
NE,fillmore,31059,Fillmore County,Nebraska,5529,575.37,9.61,6.0,False
NE,franklin,31061,Franklin County,Nebraska,2834,575.816,4.92,6.0,False
NE,frontier,31063,Frontier County,Nebraska,2624,974.655,2.69,6.0,False
NE,furnas,31065,Furnas County,Nebraska,4573,719.204,6.36,6.0,False
NE,gage,31067,Gage County,Nebraska,21542,851.468,25.3,5.0,False
NE,garden,31069,Garden County,Nebraska,1837,1704.826,1.08,6.0,False
NE,garfield,31071,Garfield County,Nebraska,1783,569.356,3.13,6.0,False
NE,gosper,31073,Gosper County,Nebraska,1831,458.199,4.0,5.0,False
NE,grant,31075,Grant County,Nebraska,587,776.696,0.76,6.0,False
NE,greeley,31077,Greeley County,Nebraska,2237,569.826,3.93,6.0,False
NE,hall,31079,Hall County,Nebraska,62292,546.529,113.98,4.0,False
NE,hamilton,31081,Hamilton County,Nebraska,9439,542.03,17.41,6.0,False
NE,harlan,31083,Harlan County,Nebraska,3023,553.466,5.46,6.0,False
NE,hayes,31085,Hayes County,Nebraska,864,713.065,1.21,6.0,False
NE,hitchcock,31087,Hitchcock County,Nebraska,2611,709.951,3.68,6.0,False
NE,holt,31089,Holt County,Nebraska,10069,2411.851,4.17,6.0,False
NE,hooker,31091,Hooker County,Nebraska,680,720.966,0.94,6.0,False
NE,howard,31093,Howard County,Nebraska,6521,569.27,11.46,4.0,False
NE,jefferson,31095,Jefferson County,Nebraska,7151,570.182,12.54,6.0,False
NE,johnson,31097,Johnson County,Nebraska,5264,376.086,14.0,6.0,False
NE,kearney,31099,Kearney County,Nebraska,6708,516.193,13.0,5.0,False
NE,keith,31101,Keith County,Nebraska,8205,1062.063,7.73,6.0,False
NE,keya paha,31103,Keya Paha County,Nebraska,801,772.876,1.04,6.0,False
NE,kimball,31105,Kimball County,Nebraska,3344,951.942,3.51,6.0,False
NE,knox,31107,Knox County,Nebraska,8356,1108.235,7.54,6.0,False
NE,lancaster,31109,Lancaster County,Nebraska,325252,837.56,388.33,3.0,False
NE,lincoln,31111,Lincoln County,Nebraska,33619,2564.155,13.11,5.0,False
NE,logan,31113,Logan County,Nebraska,691,570.698,1.21,5.0,False
NE,loup,31115,Loup County,Nebraska,597,563.341,1.06,6.0,False
NE,madison,31119,Madison County,Nebraska,35427,572.612,61.87,5.0,False
NE,mcpherson,31117,McPherson County,Nebraska,374,859.259,0.44,6.0,False
NE,merrick,31121,Merrick County,Nebraska,7709,487.794,15.8,4.0,False
NE,morrill,31123,Morrill County,Nebraska,4528,1423.706,3.18,6.0,False
NE,nance,31125,Nance County,Nebraska,3323,441.595,7.52,6.0,False
NE,nemaha,31127,Nemaha County,Nebraska,7028,407.301,17.26,6.0,False
NE,nuckolls,31129,Nuckolls County,Nebraska,4076,575.155,7.09,6.0,False
NE,otoe,31131,Otoe County,Nebraska,16243,615.616,26.38,6.0,False
NE,pawnee,31133,Pawnee County,Nebraska,2536,431.075,5.88,6.0,False
NE,perkins,31135,Perkins County,Nebraska,2844,883.313,3.22,6.0,False
NE,phelps,31137,Phelps County,Nebraska,9007,539.765,16.69,6.0,False
NE,pierce,31139,Pierce County,Nebraska,7326,573.249,12.78,5.0,False
NE,platte,31141,Platte County,Nebraska,34452,675.118,51.03,5.0,False
NE,polk,31143,Polk County,Nebraska,5234,438.832,11.93,6.0,False
NE,red willow,31145,Red Willow County,Nebraska,10557,717.17,14.72,6.0,False
NE,richardson,31147,Richardson County,Nebraska,7736,551.841,14.02,6.0,False
NE,rock,31149,Rock County,Nebraska,1234,1008.291,1.22,6.0,False
NE,saline,31151,Saline County,Nebraska,14621,574.07,25.47,6.0,False
NE,sarpy,31153,Sarpy County,Nebraska,196606,237.996,826.09,3.0,False
NE,saunders,31155,Saunders County,Nebraska,23159,748.703,30.93,3.0,False
NE,scotts bluff,31157,Scotts Bluff County,Nebraska,35798,739.621,48.4,5.0,False
NE,seward,31159,Seward County,Nebraska,17623,571.43,30.84,3.0,False
NE,sheridan,31161,Sheridan County,Nebraska,5015,2440.17,2.06,6.0,False
NE,sherman,31163,Sherman County,Nebraska,3000,565.877,5.3,6.0,False
NE,sioux,31165,Sioux County,Nebraska,1129,2066.723,0.55,6.0,False
NE,stanton,31167,Stanton County,Nebraska,5748,427.633,13.44,5.0,False
NE,thayer,31169,Thayer County,Nebraska,4866,573.789,8.48,6.0,False
NE,thomas,31171,Thomas County,Nebraska,667,712.554,0.94,6.0,False
NE,thurston,31173,Thurston County,Nebraska,6549,393.592,16.64,6.0,False
NE,valley,31175,Valley County,Nebraska,4064,568.09,7.15,6.0,False
NE,washington,31177,Washington County,Nebraska,21175,389.93,54.3,3.0,False
NE,wayne,31179,Wayne County,Nebraska,9898,442.916,22.35,6.0,False
NE,webster,31181,Webster County,Nebraska,3334,574.913,5.8,5.0,False
NE,wheeler,31183,Wheeler County,Nebraska,784,575.183,1.36,6.0,False
NE,york,31185,York County,Nebraska,14319,572.516,25.01,6.0,False
NH,belknap,33001,Belknap County,New Hampshire,64647,401.85,160.87,5.0,False
NH,carroll,33003,Carroll County,New Hampshire,52094,931.864,55.9,6.0,False
NH,cheshire,33005,Cheshire County,New Hampshire,77386,706.709,109.5,5.0,False
NH,coos,33007,Coos County,New Hampshire,31430,1794.574,17.51,6.0,False
NH,grafton,33009,Grafton County,New Hampshire,92943,1708.599,54.4,5.0,False
NH,hillsborough,33011,Hillsborough County,New Hampshire,426307,876.537,486.35,3.0,False
NH,merrimack,33013,Merrimack County,New Hampshire,156241,932.891,167.48,5.0,False
NH,rockingham,33015,Rockingham County,New Hampshire,319298,695.429,459.14,2.0,False
NH,strafford,33017,Strafford County,New Hampshire,132451,367.463,360.45,2.0,False
NH,sullivan,33019,Sullivan County,New Hampshire,43881,537.876,81.58,5.0,False
NJ,atlantic,34001,Atlantic County,New Jersey,276111,555.578,496.98,3.0,False
NJ,bergen,34003,Bergen County,New Jersey,957235,232.794,4111.94,2.0,False
NJ,burlington,34005,Burlington County,New Jersey,466710,799.285,583.91,2.0,False
NJ,camden,34007,Camden County,New Jersey,525395,221.364,2373.44,2.0,False
NJ,cape may,34009,Cape May County,New Jersey,95415,251.521,379.35,3.0,False
NJ,cumberland,34011,Cumberland County,New Jersey,151686,483.38,313.8,4.0,False
NJ,essex,34013,Essex County,New Jersey,854738,126.083,6779.17,1.0,False
NJ,gloucester,34015,Gloucester County,New Jersey,306936,322.009,953.19,2.0,False
NJ,hudson,34017,Hudson County,New Jersey,708657,46.193,15341.22,1.0,False
NJ,hunterdon,34019,Hunterdon County,New Jersey,129977,427.835,303.8,2.0,False
NJ,mercer,34021,Mercer County,New Jersey,382165,224.482,1702.43,3.0,False
NJ,middlesex,34023,Middlesex County,New Jersey,866241,309.252,2801.08,2.0,False
NJ,monmouth,34025,Monmouth County,New Jersey,644994,468.204,1377.59,2.0,False
NJ,morris,34027,Morris County,New Jersey,512685,461.026,1112.05,2.0,False
NJ,ocean,34029,Ocean County,New Jersey,656386,628.29,1044.72,2.0,False
NJ,passaic,34031,Passaic County,New Jersey,516287,186.132,2773.77,2.0,False
NJ,salem,34033,Salem County,New Jersey,65167,331.861,196.37,2.0,False
NJ,somerset,34035,Somerset County,New Jersey,348319,301.867,1153.88,2.0,False
NJ,sussex,34037,Sussex County,New Jersey,145638,518.489,280.89,2.0,False
NJ,union,34039,Union County,New Jersey,573600,102.767,5581.56,2.0,False
NJ,warren,34041,Warren County,New Jersey,110885,356.541,311.0,3.0,False
NM,bernalillo,35001,Bernalillo County,New Mexico,673039,1161.245,579.58,3.0,False
NM,catron,35003,Catron County,New Mexico,3793,6924.187,0.55,6.0,False
NM,chaves,35005,Chaves County,New Mexico,63907,6067.178,10.53,5.0,False
NM,cibola,35006,Cibola County,New Mexico,26771,4539.984,5.9,6.0,False
NM,colfax,35007,Colfax County,New Mexico,12289,3757.976,3.27,6.0,False
NM,curry,35009,Curry County,New Mexico,47391,1405.524,33.72,5.0,False
NM,de baca,35011,De Baca County,New Mexico,1697,2323.107,0.73,6.0,False
NM,doña ana,35013,Doña Ana County,New Mexico,223604,3808.179,58.72,4.0,False
NM,eddy,35015,Eddy County,New Mexico,60221,4176.348,14.42,5.0,False
NM,grant,35017,Grant County,New Mexico,27699,3961.207,6.99,5.0,False
NM,guadalupe,35019,Guadalupe County,New Mexico,4324,3029.772,1.43,6.0,False
NM,harding,35021,Harding County,New Mexico,627,2125.478,0.29,6.0,False
NM,hidalgo,35023,Hidalgo County,New Mexico,4012,3438.551,1.17,6.0,False
NM,lea,35025,Lea County,New Mexico,72300,4391.552,16.46,5.0,False
NM,lincoln,35027,Lincoln County,New Mexico,20339,4831.115,4.21,5.0,False
NM,los alamos,35028,Los Alamos County,New Mexico,19259,109.123,176.49,5.0,False
NM,luna,35029,Luna County,New Mexico,25677,2965.177,8.66,5.0,False
NM,mckinley,35031,McKinley County,New Mexico,70084,5451.064,12.86,5.0,False
NM,mora,35033,Mora County,New Mexico,4142,1926.249,2.15,5.0,False
NM,otero,35035,Otero County,New Mexico,68650,6612.562,10.38,5.0,False
NM,quay,35037,Quay County,New Mexico,8536,2873.955,2.97,6.0,False
NM,rio arriba,35039,Rio Arriba County,New Mexico,39986,5860.874,6.82,5.0,False
NM,roosevelt,35041,Roosevelt County,New Mexico,18896,2446.051,7.73,5.0,False
NM,san juan,35045,San Juan County,New Mexico,120580,5517.232,21.86,4.0,False
NM,san miguel,35047,San Miguel County,New Mexico,26899,4721.515,5.7,5.0,False
NM,sandoval,35043,Sandoval County,New Mexico,153509,3710.194,41.37,3.0,False
NM,santa fe,35049,Santa Fe County,New Mexico,155768,1910.38,81.54,4.0,False
NM,sierra,35051,Sierra County,New Mexico,11485,4181.214,2.75,6.0,False
NM,socorro,35053,Socorro County,New Mexico,16142,6646.387,2.43,6.0,False
NM,taos,35055,Taos County,New Mexico,34594,2202.373,15.71,5.0,False
NM,torrance,35057,Torrance County,New Mexico,15398,3345.213,4.6,3.0,False
NM,union,35059,Union County,New Mexico,3996,3825.05,1.04,6.0,False
NM,valencia,35061,Valencia County,New Mexico,78254,1066.717,73.36,3.0,False
NV,carson,32510,Carson City,Nevada,58094,144.534,401.94,4.0,False
NV,churchill,32001,Churchill County,Nevada,25828,4950.157,5.22,5.0,False
NV,clark,32003,Clark County,Nevada,2321961,7891.661,294.23,1.0,False
NV,douglas,32005,Douglas County,Nevada,49592,710.537,69.8,5.0,False
NV,elko,32007,Elko County,Nevada,53943,17173.302,3.14,5.0,False
NV,esmeralda,32009,Esmeralda County,Nevada,744,3581.889,0.21,6.0,False
NV,eureka,32011,Eureka County,Nevada,1862,4175.688,0.45,5.0,False
NV,humboldt,32013,Humboldt County,Nevada,17262,9640.792,1.79,5.0,False
NV,lander,32015,Lander County,Nevada,5769,5519.247,1.05,6.0,False
NV,lincoln,32017,Lincoln County,Nevada,4421,10633.386,0.42,6.0,False
NV,lyon,32019,Lyon County,Nevada,61589,2003.054,30.75,3.0,False
NV,mineral,32021,Mineral County,Nevada,4538,3751.283,1.21,6.0,False
NV,nye,32023,Nye County,Nevada,54710,18181.914,3.01,5.0,False
NV,pershing,32027,Pershing County,Nevada,6446,6036.589,1.07,6.0,False
NV,storey,32029,Storey County,Nevada,4165,263.8,15.79,3.0,False
NV,washoe,32031,Washoe County,Nevada,496458,6315.873,78.6,3.0,False
NV,white pine,32033,White Pine County,Nevada,8734,8886.665,0.98,6.0,False
NY,albany,36001,Albany County,New York,316287,522.888,604.88,3.0,False
NY,allegany,36003,Allegany County,New York,46850,1029.507,45.51,6.0,False
NY,bronx,36005,Bronx County,New York,1384189,42.176,32819.35,1.0,False
NY,broome,36007,Broome County,New York,197340,705.651,279.66,4.0,False
NY,cattaraugus,36009,Cattaraugus County,New York,76036,1308.183,58.12,5.0,False
NY,cayuga,36011,Cayuga County,New York,74758,691.589,108.1,5.0,False
NY,chautauqua,36013,Chautauqua County,New York,125310,1060.41,118.17,5.0,False
NY,chemung,36015,Chemung County,New York,81598,407.333,200.32,4.0,False
NY,chenango,36017,Chenango County,New York,46301,893.443,51.82,6.0,False
NY,clinton,36019,Clinton County,New York,77978,1037.751,75.14,5.0,False
NY,columbia,36021,Columbia County,New York,61187,634.663,96.41,5.0,False
NY,cortland,36023,Cortland County,New York,46133,498.774,92.49,5.0,False
NY,delaware,36025,Delaware County,New York,44769,1442.596,31.03,6.0,False
NY,dutchess,36027,Dutchess County,New York,298186,795.602,374.79,3.0,False
NY,erie,36029,Erie County,New York,948745,1042.763,909.84,1.0,False
NY,essex,36031,Essex County,New York,36788,1794.122,20.5,6.0,False
NY,franklin,36033,Franklin County,New York,46072,1629.296,28.28,6.0,False
NY,fulton,36035,Fulton County,New York,52245,495.46,105.45,5.0,False
NY,genesee,36037,Genesee County,New York,57482,492.976,116.6,5.0,False
NY,greene,36039,Greene County,New York,47388,647.161,73.22,6.0,False
NY,hamilton,36041,Hamilton County,New York,5108,1717.378,2.97,6.0,False
NY,herkimer,36043,Herkimer County,New York,59576,1410.586,42.23,3.0,False
NY,jefferson,36045,Jefferson County,New York,115487,1267.93,91.08,4.0,False
NY,kings,36047,Kings County,New York,2596607,69.377,37427.49,1.0,False
NY,lewis,36049,Lewis County,New York,26602,1276.309,20.84,6.0,False
NY,livingston,36051,Livingston County,New York,61385,631.654,97.18,2.0,False
NY,madison,36053,Madison County,New York,67062,654.85,102.41,3.0,False
NY,monroe,36055,Monroe County,New York,751827,656.944,1144.43,1.0,False
NY,montgomery,36057,Montgomery County,New York,49434,403.111,122.63,5.0,False
NY,nassau,36059,Nassau County,New York,1386825,284.544,4873.85,2.0,False
NY,new york,36061,New York County,New York,1597103,22.658,70487.38,1.0,False
NY,niagara,36063,Niagara County,New York,210466,522.348,402.92,2.0,False
NY,oneida,36065,Oneida County,New York,228502,1212.442,188.46,3.0,False
NY,onondaga,36067,Onondaga County,New York,470432,778.393,604.36,3.0,False
NY,ontario,36069,Ontario County,New York,112509,644.076,174.68,2.0,False
NY,orange,36071,Orange County,New York,406677,812.078,500.79,3.0,False
NY,orleans,36073,Orleans County,New York,39329,391.262,100.52,2.0,False
NY,oswego,36075,Oswego County,New York,118110,951.62,124.11,3.0,False
NY,otsego,36077,Otsego County,New York,60408,1001.738,60.3,5.0,False
NY,putnam,36079,Putnam County,New York,98274,230.252,426.81,2.0,False
NY,queens,36081,Queens County,New York,2285640,108.724,21022.41,1.0,False
NY,rensselaer,36083,Rensselaer County,New York,159530,652.459,244.51,3.0,False
NY,richmond,36085,Richmond County,New York,492640,57.523,8564.23,1.0,False
NY,rockland,36087,Rockland County,New York,340756,173.685,1961.92,2.0,False
NY,saratoga,36091,Saratoga County,New York,238491,809.97,294.44,3.0,False
NY,schenectady,36093,Schenectady County,New York,159846,204.669,781.0,3.0,False
NY,schoharie,36095,Schoharie County,New York,30062,621.819,48.35,3.0,False
NY,schuyler,36097,Schuyler County,New York,17591,328.343,53.58,6.0,False
NY,seneca,36099,Seneca County,New York,32610,323.698,100.74,5.0,False
NY,st lawrence,36089,St. Lawrence County,New York,107043,2679.526,39.95,5.0,False
NY,steuben,36101,Steuben County,New York,92420,1390.51,66.46,5.0,False
NY,suffolk,36103,Suffolk County,New York,1529565,910.934,1679.12,2.0,False
NY,sullivan,36105,Sullivan County,New York,79768,968.145,82.39,5.0,False
NY,tioga,36107,Tioga County,New York,47708,518.767,91.96,4.0,False
NY,tompkins,36109,Tompkins County,New York,105827,474.644,222.96,4.0,False
NY,ulster,36111,Ulster County,New York,182357,1124.236,162.21,4.0,False
NY,warren,36113,Warren County,New York,65448,867.222,75.47,4.0,False
NY,washington,36115,Washington County,New York,60764,831.19,73.1,4.0,False
NY,wayne,36117,Wayne County,New York,90831,603.83,150.42,2.0,False
NY,westchester,36119,Westchester County,New York,993488,430.817,2306.06,2.0,False
NY,wyoming,36121,Wyoming County,New York,39528,592.7,66.69,6.0,False
NY,yates,36123,Yates County,New York,24469,338.139,72.36,6.0,False
OH,adams,39001,Adams County,Ohio,27449,583.872,47.01,6.0,False
OH,allen,39003,Allen County,Ohio,101086,402.545,251.12,4.0,False
OH,ashland,39005,Ashland County,Ohio,52010,422.986,122.96,5.0,False
OH,ashtabula,39007,Ashtabula County,Ohio,96987,702.417,138.08,2.0,False
OH,athens,39009,Athens County,Ohio,61029,503.643,121.18,5.0,False
OH,auglaize,39011,Auglaize County,Ohio,45949,401.388,114.48,5.0,False
OH,belmont,39013,Belmont County,Ohio,65495,532.127,123.08,4.0,False
OH,brown,39015,Brown County,Ohio,43707,489.543,89.28,2.0,False
OH,butler,39017,Butler County,Ohio,390689,466.516,837.46,2.0,False
OH,carroll,39019,Carroll County,Ohio,26677,394.612,67.6,3.0,False
OH,champaign,39021,Champaign County,Ohio,38712,428.977,90.24,5.0,False
OH,clark,39023,Clark County,Ohio,134686,395.879,340.22,4.0,False
OH,clermont,39025,Clermont County,Ohio,210906,452.56,466.03,2.0,False
OH,clinton,39027,Clinton County,Ohio,41902,408.731,102.52,5.0,False
OH,columbiana,39029,Columbiana County,Ohio,100537,531.917,189.01,5.0,False
OH,coshocton,39031,Coshocton County,Ohio,36583,563.911,64.87,5.0,False
OH,crawford,39033,Crawford County,Ohio,41532,401.786,103.37,5.0,False
OH,cuyahoga,39035,Cuyahoga County,Ohio,1239720,457.212,2711.48,1.0,False
OH,darke,39037,Darke County,Ohio,51526,598.102,86.15,5.0,False
OH,defiance,39039,Defiance County,Ohio,38183,411.439,92.8,5.0,False
OH,delaware,39041,Delaware County,Ohio,227008,443.146,512.26,2.0,False
OH,erie,39043,Erie County,Ohio,74563,251.288,296.72,4.0,False
OH,fairfield,39045,Fairfield County,Ohio,163166,504.365,323.51,2.0,False
OH,fayette,39047,Fayette County,Ohio,28856,406.361,71.01,5.0,False
OH,franklin,39049,Franklin County,Ohio,1327687,532.419,2493.69,1.0,False
OH,fulton,39051,Fulton County,Ohio,42083,405.45,103.79,3.0,False
OH,gallia,39053,Gallia County,Ohio,29014,466.53,62.19,5.0,False
OH,geauga,39055,Geauga County,Ohio,95552,400.43,238.62,2.0,False
OH,greene,39057,Greene County,Ohio,169380,413.632,409.49,3.0,False
OH,guernsey,39059,Guernsey County,Ohio,38069,522.242,72.9,5.0,False
OH,hamilton,39061,Hamilton County,Ohio,826970,405.454,2039.61,1.0,False
OH,hancock,39063,Hancock County,Ohio,74793,531.324,140.77,5.0,False
OH,hardin,39065,Hardin County,Ohio,30400,470.285,64.64,6.0,False
OH,harrison,39067,Harrison County,Ohio,14351,402.331,35.67,6.0,False
OH,henry,39069,Henry County,Ohio,27517,416.013,66.14,6.0,False
OH,highland,39071,Highland County,Ohio,43396,553.084,78.46,6.0,False
OH,hocking,39073,Hocking County,Ohio,27843,421.349,66.08,2.0,False
OH,holmes,39075,Holmes County,Ohio,44380,422.614,105.01,6.0,False
OH,huron,39077,Huron County,Ohio,58256,492.244,118.35,5.0,False
OH,jackson,39079,Jackson County,Ohio,32634,420.31,77.64,6.0,False
OH,jefferson,39081,Jefferson County,Ohio,64286,408.124,157.52,4.0,False
OH,knox,39083,Knox County,Ohio,63186,525.499,120.24,5.0,False
OH,lake,39085,Lake County,Ohio,231968,229.395,1011.22,2.0,False
OH,lawrence,39087,Lawrence County,Ohio,56571,453.393,124.77,3.0,False
OH,licking,39089,Licking County,Ohio,181899,682.427,266.55,2.0,False
OH,logan,39091,Logan County,Ohio,46040,458.505,100.41,5.0,False
OH,lorain,39093,Lorain County,Ohio,316616,490.536,645.45,2.0,False
OH,lucas,39095,Lucas County,Ohio,427154,339.662,1257.59,3.0,False
OH,madison,39097,Madison County,Ohio,43613,466.688,93.45,2.0,False
OH,mahoning,39099,Mahoning County,Ohio,226104,411.487,549.48,3.0,False
OH,marion,39101,Marion County,Ohio,64576,403.807,159.92,5.0,False
OH,medina,39103,Medina County,Ohio,183520,421.459,435.44,2.0,False
OH,meigs,39105,Meigs County,Ohio,21971,430.102,51.08,6.0,False
OH,mercer,39107,Mercer County,Ohio,42403,462.447,91.69,5.0,False
OH,miami,39109,Miami County,Ohio,110245,406.581,271.15,3.0,False
OH,monroe,39111,Monroe County,Ohio,13225,455.723,29.02,6.0,False
OH,montgomery,39113,Montgomery County,Ohio,534355,461.351,1158.24,3.0,False
OH,morgan,39115,Morgan County,Ohio,13648,416.426,32.77,6.0,False
OH,morrow,39117,Morrow County,Ohio,35317,406.134,86.96,2.0,False
OH,muskingum,39119,Muskingum County,Ohio,86114,664.546,129.58,5.0,False
OH,noble,39121,Noble County,Ohio,14364,398.012,36.09,6.0,False
OH,ottawa,39123,Ottawa County,Ohio,39984,254.702,156.98,4.0,False
OH,paulding,39125,Paulding County,Ohio,18763,416.435,45.06,6.0,False
OH,perry,39127,Perry County,Ohio,35483,407.94,86.98,2.0,False
OH,pickaway,39129,Pickaway County,Ohio,59987,501.265,119.67,2.0,False
OH,pike,39131,Pike County,Ohio,26991,440.282,61.3,6.0,False
OH,portage,39133,Portage County,Ohio,161924,487.408,332.21,3.0,False
OH,preble,39135,Preble County,Ohio,40557,424.226,95.6,6.0,False
OH,putnam,39137,Putnam County,Ohio,34331,482.544,71.15,6.0,False
OH,richland,39139,Richland County,Ohio,125268,495.227,252.95,4.0,False
OH,ross,39141,Ross County,Ohio,76479,689.166,110.97,5.0,False
OH,sandusky,39143,Sandusky County,Ohio,58591,408.245,143.52,5.0,False
OH,scioto,39145,Scioto County,Ohio,72312,610.155,118.51,5.0,False
OH,seneca,39147,Seneca County,Ohio,54563,551.026,99.02,5.0,False
OH,shelby,39149,Shelby County,Ohio,47723,407.694,117.06,5.0,False
OH,stark,39151,Stark County,Ohio,373008,575.206,648.48,3.0,False
OH,summit,39153,Summit County,Ohio,536582,412.801,1299.86,3.0,False
OH,trumbull,39155,Trumbull County,Ohio,200716,617.591,325.0,3.0,False
OH,tuscarawas,39157,Tuscarawas County,Ohio,92030,567.565,162.15,5.0,False
OH,union,39159,Union County,Ohio,66927,431.711,155.03,2.0,False
OH,van wert,39161,Van Wert County,Ohio,28806,409.15,70.4,5.0,False
OH,vinton,39163,Vinton County,Ohio,12585,412.36,30.52,6.0,False
OH,warren,39165,Warren County,Ohio,250298,401.417,623.54,2.0,False
OH,washington,39167,Washington County,Ohio,58883,631.974,93.17,5.0,False
OH,wayne,39169,Wayne County,Ohio,116609,554.789,210.19,5.0,False
OH,williams,39171,Williams County,Ohio,36621,420.66,87.06,6.0,False
OH,wood,39173,Wood County,Ohio,131821,617.167,213.59,3.0,False
OH,wyandot,39175,Wyandot County,Ohio,21574,406.879,53.02,6.0,False
OK,adair,40001,Adair County,Oklahoma,19513,573.881,34.0,6.0,False
OK,alfalfa,40003,Alfalfa County,Oklahoma,5697,866.565,6.57,6.0,False
OK,atoka,40005,Atoka County,Oklahoma,14311,975.453,14.67,6.0,False
OK,beaver,40007,Beaver County,Oklahoma,5044,1814.837,2.78,6.0,False
OK,beckham,40009,Beckham County,Oklahoma,21990,901.675,24.39,5.0,False
OK,blaine,40011,Blaine County,Oklahoma,8477,928.463,9.13,6.0,False
OK,bryan,40013,Bryan County,Oklahoma,48229,904.348,53.33,5.0,False
OK,caddo,40015,Caddo County,Oklahoma,26282,1277.754,20.57,6.0,False
OK,canadian,40017,Canadian County,Oklahoma,169507,896.573,189.06,2.0,False
OK,carter,40019,Carter County,Oklahoma,48488,822.301,58.97,5.0,False
OK,cherokee,40021,Cherokee County,Oklahoma,48058,749.127,64.15,5.0,False
OK,choctaw,40023,Choctaw County,Oklahoma,14416,770.383,18.71,6.0,False
OK,cimarron,40025,Cimarron County,Oklahoma,2229,1834.808,1.21,6.0,False
OK,cleveland,40027,Cleveland County,Oklahoma,299950,538.908,556.59,2.0,False
OK,coal,40029,Coal County,Oklahoma,5309,516.772,10.27,6.0,False
OK,comanche,40031,Comanche County,Oklahoma,122390,1069.322,114.46,4.0,False
OK,cotton,40033,Cotton County,Oklahoma,5473,632.637,8.65,4.0,False
OK,craig,40035,Craig County,Oklahoma,14180,761.255,18.63,6.0,False
OK,creek,40037,Creek County,Oklahoma,72698,949.894,76.53,2.0,False
OK,custer,40039,Custer County,Oklahoma,28075,988.779,28.39,5.0,False
OK,delaware,40041,Delaware County,Oklahoma,41491,737.754,56.24,6.0,False
OK,dewey,40043,Dewey County,Oklahoma,4387,999.628,4.39,6.0,False
OK,ellis,40045,Ellis County,Oklahoma,3693,1231.477,3.0,6.0,False
OK,garfield,40047,Garfield County,Oklahoma,61990,1058.507,58.56,4.0,False
OK,garvin,40049,Garvin County,Oklahoma,25793,802.146,32.15,6.0,False
OK,grady,40051,Grady County,Oklahoma,56700,1100.54,51.52,2.0,False
OK,grant,40053,Grant County,Oklahoma,4124,1000.74,4.12,6.0,False
OK,greer,40055,Greer County,Oklahoma,5548,639.285,8.68,6.0,False
OK,harmon,40057,Harmon County,Oklahoma,2428,537.258,4.52,6.0,False
OK,harper,40059,Harper County,Oklahoma,3176,1038.584,3.06,6.0,False
OK,haskell,40061,Haskell County,Oklahoma,11644,576.725,20.19,6.0,False
OK,hughes,40063,Hughes County,Oklahoma,13421,804.473,16.68,6.0,False
OK,jackson,40065,Jackson County,Oklahoma,24671,802.653,30.74,5.0,False
OK,jefferson,40067,Jefferson County,Oklahoma,5428,758.956,7.15,6.0,False
OK,johnston,40069,Johnston County,Oklahoma,10328,643.05,16.06,6.0,False
OK,kay,40071,Kay County,Oklahoma,43726,919.61,47.55,5.0,False
OK,kingfisher,40073,Kingfisher County,Oklahoma,15313,898.086,17.05,6.0,False
OK,kiowa,40075,Kiowa County,Oklahoma,8437,1015.078,8.31,6.0,False
OK,latimer,40077,Latimer County,Oklahoma,9580,722.113,13.27,6.0,False
OK,le flore,40079,Le Flore County,Oklahoma,49004,1589.416,30.83,6.0,False
OK,lincoln,40081,Lincoln County,Oklahoma,34153,952.372,35.86,2.0,False
OK,logan,40083,Logan County,Oklahoma,52029,743.736,69.96,2.0,False
OK,love,40085,Love County,Oklahoma,10184,513.914,19.82,6.0,False
OK,major,40093,Major County,Oklahoma,7558,955.0,7.91,6.0,False
OK,marshall,40095,Marshall County,Oklahoma,15947,371.49,42.93,6.0,False
OK,mayes,40097,Mayes County,Oklahoma,39593,655.326,60.42,6.0,False
OK,mcclain,40087,McClain County,Oklahoma,45422,570.72,79.59,2.0,False
OK,mccurtain,40089,McCurtain County,Oklahoma,30892,1850.782,16.69,6.0,False
OK,mcintosh,40091,McIntosh County,Oklahoma,19419,618.29,31.41,6.0,False
OK,murray,40099,Murray County,Oklahoma,13677,416.375,32.85,6.0,False
OK,muskogee,40101,Muskogee County,Oklahoma,66293,810.64,81.78,5.0,False
OK,noble,40103,Noble County,Oklahoma,10861,731.712,14.84,6.0,False
OK,nowata,40105,Nowata County,Oklahoma,9447,565.817,16.7,6.0,False
OK,okfuskee,40107,Okfuskee County,Oklahoma,11230,618.458,18.16,6.0,False
OK,oklahoma,40109,Oklahoma County,Oklahoma,805165,708.9,1135.79,1.0,False
OK,okmulgee,40111,Okmulgee County,Oklahoma,36937,697.443,52.96,2.0,False
OK,osage,40113,Osage County,Oklahoma,45799,2246.682,20.39,2.0,False
OK,ottawa,40115,Ottawa County,Oklahoma,30366,470.817,64.5,5.0,False
OK,pawnee,40117,Pawnee County,Oklahoma,15695,568.353,27.61,2.0,False
OK,payne,40119,Payne County,Oklahoma,83029,684.901,121.23,5.0,False
OK,pittsburg,40121,Pittsburg County,Oklahoma,43517,1305.512,33.33,5.0,False
OK,pontotoc,40123,Pontotoc County,Oklahoma,38074,720.353,52.85,5.0,False
OK,pottawatomie,40125,Pottawatomie County,Oklahoma,73403,787.793,93.18,5.0,False
OK,pushmataha,40127,Pushmataha County,Oklahoma,10728,1395.54,7.69,6.0,False
OK,roger mills,40129,Roger Mills County,Oklahoma,3366,1141.135,2.95,6.0,False
OK,rogers,40131,Rogers County,Oklahoma,99103,675.747,146.66,2.0,False
OK,seminole,40133,Seminole County,Oklahoma,23484,632.819,37.11,6.0,False
OK,sequoyah,40135,Sequoyah County,Oklahoma,39756,673.577,59.02,4.0,False
OK,stephens,40137,Stephens County,Oklahoma,43674,870.212,50.19,5.0,False
OK,texas,40139,Texas County,Oklahoma,20635,2041.293,10.11,5.0,False
OK,tillman,40141,Tillman County,Oklahoma,6968,871.134,8.0,6.0,False
OK,tulsa,40143,Tulsa County,Oklahoma,679212,570.242,1191.09,1.0,False
OK,wagoner,40145,Wagoner County,Oklahoma,86755,561.916,154.39,2.0,False
OK,washington,40147,Washington County,Oklahoma,53289,415.524,128.25,5.0,False
OK,washita,40149,Washita County,Oklahoma,10715,1003.089,10.68,5.0,False
OK,woods,40151,Woods County,Oklahoma,8602,1286.482,6.69,6.0,False
OK,woodward,40153,Woodward County,Oklahoma,20054,1242.786,16.14,5.0,False
OR,baker,41001,Baker County,Oregon,16933,3067.967,5.52,5.0,False
OR,benton,41003,Benton County,Oregon,97406,675.208,144.26,4.0,False
OR,clackamas,41005,Clackamas County,Oregon,423217,1870.711,226.23,2.0,False
OR,clatsop,41007,Clatsop County,Oregon,41595,828.239,50.22,5.0,False
OR,columbia,41009,Columbia County,Oregon,53589,658.684,81.36,2.0,False
OR,coos,41011,Coos County,Oregon,65135,1596.044,40.81,5.0,False
OR,crook,41013,Crook County,Oregon,26393,2978.929,8.86,3.0,False
OR,curry,41015,Curry County,Oregon,23614,1628.395,14.5,5.0,False
OR,deschutes,41017,Deschutes County,Oregon,206491,3017.61,68.43,3.0,False
OR,douglas,41019,Douglas County,Oregon,112226,5035.676,22.29,5.0,False
OR,gilliam,41021,Gilliam County,Oregon,2012,1204.721,1.67,6.0,False
OR,grant,41023,Grant County,Oregon,7221,4527.792,1.59,6.0,False
OR,harney,41025,Harney County,Oregon,7537,10134.438,0.74,6.0,False
OR,hood river,41027,Hood River County,Oregon,24028,522.194,46.01,5.0,False
OR,jackson,41029,Jackson County,Oregon,222153,2783.251,79.82,4.0,False
OR,jefferson,41031,Jefferson County,Oregon,25319,1781.696,14.21,3.0,False
OR,josephine,41033,Josephine County,Oregon,87786,1638.649,53.57,4.0,False
OR,klamath,41035,Klamath County,Oregon,70404,5949.897,11.83,5.0,False
OR,lake,41037,Lake County,Oregon,8365,8138.61,1.03,6.0,False
OR,lane,41039,Lane County,Oregon,386187,4554.092,84.8,3.0,False
OR,lincoln,41041,Lincoln County,Oregon,50756,980.983,51.74,5.0,False
OR,linn,41043,Linn County,Oregon,130516,2289.508,57.01,4.0,False
OR,malheur,41045,Malheur County,Oregon,31868,9887.707,3.22,5.0,False
OR,marion,41047,Marion County,Oregon,349388,1180.84,295.88,3.0,False
OR,morrow,41049,Morrow County,Oregon,12257,2030.529,6.04,5.0,False
OR,multnomah,41051,Multnomah County,Oregon,795960,431.019,1846.69,1.0,False
OR,polk,41053,Polk County,Oregon,89986,740.924,121.45,3.0,False
OR,sherman,41055,Sherman County,Oregon,1953,823.614,2.37,6.0,False
OR,tillamook,41057,Tillamook County,Oregon,27516,1103.183,24.94,6.0,False
OR,umatilla,41059,Umatilla County,Oregon,79732,3215.45,24.8,5.0,False
OR,union,41061,Union County,Oregon,26167,2036.941,12.85,5.0,False
OR,wallowa,41063,Wallowa County,Oregon,7647,3145.897,2.43,6.0,False
OR,wasco,41065,Wasco County,Oregon,26535,2381.119,11.14,5.0,False
OR,washington,41067,Washington County,Oregon,600229,724.272,828.73,2.0,False
OR,wheeler,41069,Wheeler County,Oregon,1434,1716.021,0.84,6.0,False
OR,yamhill,41071,Yamhill County,Oregon,107817,715.938,150.6,2.0,False
PA,adams,42001,Adams County,Pennsylvania,106017,518.576,204.44,4.0,False
PA,allegheny,42003,Allegheny County,Pennsylvania,1233821,729.952,1690.28,1.0,False
PA,armstrong,42005,Armstrong County,Pennsylvania,64664,653.321,98.98,2.0,False
PA,beaver,42007,Beaver County,Pennsylvania,165682,434.695,381.15,2.0,False
PA,bedford,42009,Bedford County,Pennsylvania,47395,1011.988,46.83,6.0,False
PA,berks,42011,Berks County,Pennsylvania,432281,856.404,504.76,3.0,False
PA,blair,42013,Blair County,Pennsylvania,120796,525.067,230.06,4.0,False
PA,bradford,42015,Bradford County,Pennsylvania,59800,1147.376,52.12,5.0,False
PA,bucks,42017,Bucks County,Pennsylvania,645871,604.447,1068.53,2.0,False
PA,butler,42019,Butler County,Pennsylvania,197422,789.482,250.07,2.0,False
PA,cambria,42021,Cambria County,Pennsylvania,131432,687.963,191.05,4.0,False
PA,cameron,42023,Cameron County,Pennsylvania,4406,396.234,11.12,6.0,False
PA,carbon,42025,Carbon County,Pennsylvania,65466,381.356,171.67,3.0,False
PA,centre,42027,Centre County,Pennsylvania,157992,1107.259,142.69,4.0,False
PA,chester,42029,Chester County,Pennsylvania,547248,750.551,729.13,2.0,False
PA,clarion,42031,Clarion County,Pennsylvania,37280,600.836,62.05,6.0,False
PA,clearfield,42033,Clearfield County,Pennsylvania,77881,1145.06,68.01,5.0,False
PA,clinton,42035,Clinton County,Pennsylvania,37873,889.63,42.57,5.0,False
PA,columbia,42037,Columbia County,Pennsylvania,65347,483.259,135.22,5.0,False
PA,crawford,42039,Crawford County,Pennsylvania,82380,1012.355,81.37,5.0,False
PA,cumberland,42041,Cumberland County,Pennsylvania,268740,545.482,492.67,3.0,False
PA,dauphin,42043,Dauphin County,Pennsylvania,289049,524.87,550.71,3.0,False
PA,delaware,42045,Delaware County,Pennsylvania,577040,183.808,3139.36,2.0,False
PA,elk,42047,Elk County,Pennsylvania,30453,826.901,36.83,5.0,False
PA,erie,42049,Erie County,Pennsylvania,269112,798.901,336.85,3.0,False
PA,fayette,42051,Fayette County,Pennsylvania,125622,790.758,158.86,2.0,False
PA,forest,42053,Forest County,Pennsylvania,6621,427.259,15.5,6.0,False
PA,franklin,42055,Franklin County,Pennsylvania,157017,772.279,203.32,4.0,False
PA,fulton,42057,Fulton County,Pennsylvania,14557,437.551,33.27,6.0,False
PA,greene,42059,Greene County,Pennsylvania,34566,575.932,60.02,6.0,False
PA,huntingdon,42061,Huntingdon County,Pennsylvania,43303,874.592,49.51,5.0,False
PA,indiana,42063,Indiana County,Pennsylvania,82901,827.394,100.2,5.0,False
PA,jefferson,42065,Jefferson County,Pennsylvania,43725,652.44,67.02,6.0,False
PA,juniata,42067,Juniata County,Pennsylvania,23290,391.391,59.51,6.0,False
PA,lackawanna,42069,Lackawanna County,Pennsylvania,215797,458.886,470.26,3.0,False
PA,lancaster,42071,Lancaster County,Pennsylvania,556991,943.924,590.08,3.0,False
PA,lawrence,42073,Lawrence County,Pennsylvania,84800,357.39,237.28,2.0,False
PA,lebanon,42075,Lebanon County,Pennsylvania,144003,361.835,397.98,4.0,False
PA,lehigh,42077,Lehigh County,Pennsylvania,377019,345.336,1091.75,3.0,False
PA,luzerne,42079,Luzerne County,Pennsylvania,326892,889.807,367.37,3.0,False
PA,lycoming,42081,Lycoming County,Pennsylvania,113223,1228.92,92.13,4.0,False
PA,mckean,42083,McKean County,Pennsylvania,39791,979.694,40.62,5.0,False
PA,mercer,42085,Mercer County,Pennsylvania,109115,672.538,162.24,5.0,False
PA,mifflin,42087,Mifflin County,Pennsylvania,45993,411.037,111.9,5.0,False
PA,monroe,42089,Monroe County,Pennsylvania,167437,608.361,275.23,5.0,False
PA,montgomery,42091,Montgomery County,Pennsylvania,865848,482.936,1792.88,2.0,False
PA,montour,42093,Montour County,Pennsylvania,18122,130.331,139.05,5.0,False
PA,northampton,42095,Northampton County,Pennsylvania,318044,369.787,860.07,3.0,False
PA,northumberland,42097,Northumberland County,Pennsylvania,90093,457.678,196.85,5.0,False
PA,perry,42099,Perry County,Pennsylvania,46214,551.449,83.8,3.0,False
PA,philadelphia,42101,Philadelphia County,Pennsylvania,1570554,134.325,11692.19,1.0,False
PA,pike,42103,Pike County,Pennsylvania,60647,544.896,111.3,5.0,False
PA,potter,42105,Potter County,Pennsylvania,16203,1081.249,14.99,6.0,False
PA,schuylkill,42107,Schuylkill County,Pennsylvania,143205,778.579,183.93,5.0,False
PA,snyder,42109,Snyder County,Pennsylvania,39525,328.784,120.22,5.0,False
PA,somerset,42111,Somerset County,Pennsylvania,72613,1075.047,67.54,5.0,False
PA,sullivan,42113,Sullivan County,Pennsylvania,5892,449.939,13.1,6.0,False
PA,susquehanna,42115,Susquehanna County,Pennsylvania,38115,823.494,46.28,6.0,False
PA,tioga,42117,Tioga County,Pennsylvania,40954,1133.892,36.12,6.0,False
PA,union,42119,Union County,Pennsylvania,42745,315.957,135.29,5.0,False
PA,venango,42121,Venango County,Pennsylvania,49695,674.265,73.7,5.0,False
PA,warren,42123,Warren County,Pennsylvania,37843,884.282,42.8,5.0,False
PA,washington,42125,Washington County,Pennsylvania,209962,857.01,244.99,2.0,False
PA,wayne,42127,Wayne County,Pennsylvania,51132,725.769,70.45,6.0,False
PA,westmoreland,42129,Westmoreland County,Pennsylvania,352054,1027.71,342.56,2.0,False
PA,wyoming,42131,Wyoming County,Pennsylvania,26034,397.258,65.53,3.0,False
PA,york,42133,York County,Pennsylvania,461385,904.352,510.18,3.0,False
RI,bristol,44001,Bristol County,Rhode Island,50388,24.132,2088.02,2.0,False
RI,kent,44003,Kent County,Rhode Island,171523,168.568,1017.53,2.0,False
RI,newport,44005,Newport County,Rhode Island,84851,102.431,828.37,2.0,False
RI,providence,44007,Providence County,Rhode Island,662209,409.484,1617.18,1.0,False
RI,washington,44009,Washington County,Rhode Island,130527,329.279,396.4,2.0,False
SC,abbeville,45001,Abbeville County,South Carolina,24407,491.195,49.69,5.0,False
SC,aiken,45003,Aiken County,South Carolina,174075,1070.674,162.58,3.0,False
SC,allendale,45005,Allendale County,South Carolina,7508,408.095,18.4,6.0,False
SC,anderson,45007,Anderson County,South Carolina,210069,713.854,294.27,3.0,False
SC,bamberg,45009,Bamberg County,South Carolina,12966,393.367,32.96,6.0,False
SC,barnwell,45011,Barnwell County,South Carolina,20469,548.383,37.33,6.0,False
SC,beaufort,45013,Beaufort County,South Carolina,195932,576.022,340.15,4.0,False
SC,berkeley,45015,Berkeley County,South Carolina,245249,1103.61,222.22,3.0,False
SC,calhoun,45017,Calhoun County,South Carolina,14200,381.146,37.26,3.0,False
SC,charleston,45019,Charleston County,South Carolina,419952,918.165,457.38,3.0,False
SC,cherokee,45021,Cherokee County,South Carolina,56186,392.96,142.98,5.0,False
SC,chester,45023,Chester County,South Carolina,31972,580.865,55.04,2.0,False
SC,chesterfield,45025,Chesterfield County,South Carolina,43722,798.986,54.72,6.0,False
SC,clarendon,45027,Clarendon County,South Carolina,30976,607.207,51.01,6.0,False
SC,colleton,45029,Colleton County,South Carolina,38618,1056.46,36.55,6.0,False
SC,darlington,45031,Darlington County,South Carolina,62434,560.629,111.36,4.0,False
SC,dillon,45033,Dillon County,South Carolina,27766,405.076,68.55,6.0,False
SC,dorchester,45035,Dorchester County,South Carolina,166029,568.393,292.1,3.0,False
SC,edgefield,45037,Edgefield County,South Carolina,27347,500.688,54.62,3.0,False
SC,fairfield,45039,Fairfield County,South Carolina,20430,686.306,29.77,3.0,False
SC,florence,45041,Florence County,South Carolina,136860,800.508,170.97,4.0,False
SC,georgetown,45043,Georgetown County,South Carolina,64753,813.665,79.58,5.0,False
SC,greenville,45045,Greenville County,South Carolina,548447,785.937,697.83,3.0,False
SC,greenwood,45047,Greenwood County,South Carolina,69290,455.606,152.08,5.0,False
SC,hampton,45049,Hampton County,South Carolina,18147,559.975,32.41,6.0,False
SC,horry,45051,Horry County,South Carolina,383372,1133.158,338.32,3.0,False
SC,jasper,45053,Jasper County,South Carolina,31988,655.135,48.83,4.0,False
SC,kershaw,45055,Kershaw County,South Carolina,67917,726.612,93.47,3.0,False
SC,lancaster,45057,Lancaster County,South Carolina,104795,549.174,190.82,2.0,False
SC,laurens,45059,Laurens County,South Carolina,68109,712.871,95.54,3.0,False
SC,lee,45061,Lee County,South Carolina,16119,410.187,39.3,6.0,False
SC,lexington,45063,Lexington County,South Carolina,305147,698.586,436.81,3.0,False
SC,marion,45067,Marion County,South Carolina,28494,489.372,58.23,6.0,False
SC,marlboro,45069,Marlboro County,South Carolina,26003,479.874,54.19,6.0,False
SC,mccormick,45065,McCormick County,South Carolina,9741,358.89,27.14,6.0,False
SC,newberry,45071,Newberry County,South Carolina,38343,630.306,60.83,5.0,False
SC,oconee,45073,Oconee County,South Carolina,80223,626.566,128.04,5.0,False
SC,orangeburg,45075,Orangeburg County,South Carolina,83165,1106.379,75.17,5.0,False
SC,pickens,45077,Pickens County,South Carolina,134405,496.937,270.47,3.0,False
SC,richland,45079,Richland County,South Carolina,421693,757.309,556.83,3.0,False
SC,saluda,45081,Saluda County,South Carolina,19086,453.166,42.12,3.0,False
SC,spartanburg,45083,Spartanburg County,South Carolina,346455,808.407,428.57,3.0,False
SC,sumter,45085,Sumter County,South Carolina,104068,665.078,156.47,4.0,False
SC,union,45087,Union County,South Carolina,26787,513.604,52.15,3.0,False
SC,williamsburg,45089,Williamsburg County,South Carolina,30164,934.166,32.29,6.0,False
SC,york,45091,York County,South Carolina,294057,680.555,432.08,2.0,False
SD,aurora,46003,Aurora County,South Dakota,2772,708.46,3.91,6.0,False
SD,beadle,46005,Beadle County,South Dakota,19356,1258.698,15.38,5.0,False
SD,bennett,46007,Bennett County,South Dakota,3339,1184.642,2.82,6.0,False
SD,bon homme,46009,Bon Homme County,South Dakota,7088,563.549,12.58,6.0,False
SD,brookings,46011,Brookings County,South Dakota,35442,792.217,44.74,5.0,False
SD,brown,46013,Brown County,South Dakota,37915,1713.03,22.13,5.0,False
SD,brule,46015,Brule County,South Dakota,5324,817.222,6.51,6.0,False
SD,buffalo,46017,Buffalo County,South Dakota,1848,471.405,3.92,6.0,False
SD,butte,46019,Butte County,South Dakota,10788,2250.01,4.79,6.0,False
SD,campbell,46021,Campbell County,South Dakota,1367,733.677,1.86,6.0,False
SD,charles mix,46023,Charles Mix County,South Dakota,9237,1097.141,8.42,6.0,False
SD,clark,46025,Clark County,South Dakota,3945,957.512,4.12,6.0,False
SD,clay,46027,Clay County,South Dakota,15277,412.022,37.08,5.0,False
SD,codington,46029,Codington County,South Dakota,28756,687.585,41.82,5.0,False
SD,corson,46031,Corson County,South Dakota,3797,2469.694,1.54,6.0,False
SD,custer,46033,Custer County,South Dakota,9024,1556.943,5.8,4.0,False
SD,davison,46035,Davison County,South Dakota,20025,435.633,45.97,5.0,False
SD,day,46037,Day County,South Dakota,5478,1028.49,5.33,6.0,False
SD,deuel,46039,Deuel County,South Dakota,4357,622.739,7.0,6.0,False
SD,dewey,46041,Dewey County,South Dakota,5078,2302.376,2.21,6.0,False
SD,douglas,46043,Douglas County,South Dakota,2797,431.801,6.48,6.0,False
SD,edmunds,46045,Edmunds County,South Dakota,4103,1125.98,3.64,5.0,False
SD,fall river,46047,Fall River County,South Dakota,7373,1739.889,4.24,6.0,False
SD,faulk,46049,Faulk County,South Dakota,2117,981.713,2.16,6.0,False
SD,grant,46051,Grant County,South Dakota,7535,681.446,11.06,6.0,False
SD,gregory,46053,Gregory County,South Dakota,3993,1014.95,3.93,6.0,False
SD,haakon,46055,Haakon County,South Dakota,1830,1810.541,1.01,6.0,False
SD,hamlin,46057,Hamlin County,South Dakota,6395,507.068,12.61,6.0,False
SD,hand,46059,Hand County,South Dakota,3123,1436.633,2.17,6.0,False
SD,hanson,46061,Hanson County,South Dakota,3461,434.582,7.96,5.0,False
SD,harding,46063,Harding County,South Dakota,1329,2671.57,0.5,6.0,False
SD,hughes,46065,Hughes County,South Dakota,17674,741.527,23.83,5.0,False
SD,hutchinson,46067,Hutchinson County,South Dakota,7375,813.013,9.07,6.0,False
SD,hyde,46069,Hyde County,South Dakota,1196,860.629,1.39,6.0,False
SD,jackson,46071,Jackson County,South Dakota,2833,1863.883,1.52,6.0,False
SD,jerauld,46073,Jerauld County,South Dakota,1645,526.133,3.13,6.0,False
SD,jones,46075,Jones County,South Dakota,870,969.668,0.9,6.0,False
SD,kingsbury,46077,Kingsbury County,South Dakota,5282,832.237,6.35,6.0,False
SD,lake,46079,Lake County,South Dakota,10945,562.891,19.44,6.0,False
SD,lawrence,46081,Lawrence County,South Dakota,27234,800.053,34.04,5.0,False
SD,lincoln,46083,Lincoln County,South Dakota,71156,577.293,123.26,3.0,False
SD,lyman,46085,Lyman County,South Dakota,3717,1642.285,2.26,6.0,False
SD,marshall,46091,Marshall County,South Dakota,4354,838.081,5.2,6.0,False
SD,mccook,46087,McCook County,South Dakota,5775,574.205,10.06,3.0,False
SD,mcpherson,46089,McPherson County,South Dakota,2401,1136.668,2.11,6.0,False
SD,meade,46093,Meade County,South Dakota,30679,3470.934,8.84,4.0,False
SD,mellette,46095,Mellette County,South Dakota,1867,1307.311,1.43,6.0,False
SD,miner,46097,Miner County,South Dakota,2289,570.17,4.01,6.0,False
SD,minnehaha,46099,Minnehaha County,South Dakota,203675,806.847,252.43,3.0,False
SD,moody,46101,Moody County,South Dakota,6366,519.379,12.26,6.0,False
SD,oglala lakota,46102,Oglala Lakota County,South Dakota,13482,2093.601,6.44,6.0,False
SD,pennington,46103,Pennington County,South Dakota,114269,2776.765,41.15,4.0,False
SD,perkins,46105,Perkins County,South Dakota,2807,2870.46,0.98,6.0,False
SD,potter,46107,Potter County,South Dakota,2450,861.138,2.85,6.0,False
SD,roberts,46109,Roberts County,South Dakota,10157,1101.055,9.22,6.0,False
SD,sanborn,46111,Sanborn County,South Dakota,2413,569.242,4.24,5.0,False
SD,spink,46115,Spink County,South Dakota,6232,1503.499,4.14,6.0,False
SD,stanley,46117,Stanley County,South Dakota,3014,1444.436,2.09,5.0,False
SD,sully,46119,Sully County,South Dakota,1478,1006.727,1.47,6.0,False
SD,todd,46121,Todd County,South Dakota,9256,1388.593,6.67,6.0,False
SD,tripp,46123,Tripp County,South Dakota,5548,1612.289,3.44,6.0,False
SD,turner,46125,Turner County,South Dakota,8890,617.064,14.41,3.0,False
SD,union,46127,Union County,South Dakota,17083,460.757,37.08,4.0,False
SD,walworth,46129,Walworth County,South Dakota,5266,707.455,7.44,6.0,False
SD,yankton,46135,Yankton County,South Dakota,23407,521.189,44.91,5.0,False
SD,ziebach,46137,Ziebach County,South Dakota,2369,1961.248,1.21,6.0,False
TN,anderson,47001,Anderson County,Tennessee,79016,337.206,234.33,3.0,False
TN,bedford,47003,Bedford County,Tennessee,52088,473.639,109.97,5.0,False
TN,benton,47005,Benton County,Tennessee,16001,394.306,40.58,6.0,False
TN,bledsoe,47007,Bledsoe County,Tennessee,14769,406.555,36.33,6.0,False
TN,blount,47009,Blount County,Tennessee,139789,558.844,250.14,3.0,False
TN,bradley,47011,Bradley County,Tennessee,110814,328.762,337.06,4.0,False
TN,campbell,47013,Campbell County,Tennessee,39578,480.19,82.42,3.0,False
TN,cannon,47015,Cannon County,Tennessee,14797,265.635,55.7,2.0,False
TN,carroll,47017,Carroll County,Tennessee,28431,597.658,47.57,6.0,False
TN,carter,47019,Carter County,Tennessee,56531,341.258,165.65,4.0,False
TN,cheatham,47021,Cheatham County,Tennessee,41742,302.498,137.99,2.0,False
TN,chester,47023,Chester County,Tennessee,17599,285.736,61.59,4.0,False
TN,claiborne,47025,Claiborne County,Tennessee,32400,434.604,74.55,6.0,False
TN,clay,47027,Clay County,Tennessee,7635,236.529,32.28,6.0,False
TN,cocke,47029,Cocke County,Tennessee,36786,436.135,84.35,5.0,False
TN,coffee,47031,Coffee County,Tennessee,59663,428.964,139.09,5.0,False
TN,crockett,47033,Crockett County,Tennessee,13862,265.528,52.21,4.0,False
TN,cumberland,47035,Cumberland County,Tennessee,63537,681.309,93.26,5.0,False
TN,davidson,47037,Davidson County,Tennessee,711280,503.481,1412.72,1.0,False
TN,decatur,47039,Decatur County,Tennessee,11546,333.879,34.58,6.0,False
TN,dekalb,47041,DeKalb County,Tennessee,21013,304.432,69.02,6.0,False
TN,dickson,47043,Dickson County,Tennessee,55793,489.899,113.89,2.0,False
TN,dyer,47045,Dyer County,Tennessee,36392,512.351,71.03,5.0,False
TN,fayette,47047,Fayette County,Tennessee,43296,704.124,61.49,2.0,False
TN,fentress,47049,Fentress County,Tennessee,19336,498.607,38.78,6.0,False
TN,franklin,47051,Franklin County,Tennessee,44156,550.573,80.2,5.0,False
TN,gibson,47053,Gibson County,Tennessee,50855,602.745,84.37,4.0,False
TN,giles,47055,Giles County,Tennessee,30560,610.931,50.02,6.0,False
TN,grainger,47057,Grainger County,Tennessee,24191,280.587,86.22,3.0,False
TN,greene,47059,Greene County,Tennessee,71279,622.169,114.57,5.0,False
TN,grundy,47061,Grundy County,Tennessee,13813,360.444,38.32,6.0,False
TN,hamblen,47063,Hamblen County,Tennessee,65263,161.188,404.89,4.0,False
TN,hamilton,47065,Hamilton County,Tennessee,375861,542.164,693.26,3.0,False
TN,hancock,47067,Hancock County,Tennessee,6838,222.324,30.76,6.0,False
TN,hardeman,47069,Hardeman County,Tennessee,25493,667.768,38.18,6.0,False
TN,hardin,47071,Hardin County,Tennessee,27240,577.487,47.17,6.0,False
TN,hawkins,47073,Hawkins County,Tennessee,57915,487.056,118.91,3.0,False
TN,haywood,47075,Haywood County,Tennessee,17470,533.107,32.77,6.0,False
TN,henderson,47077,Henderson County,Tennessee,27907,520.009,53.67,6.0,False
TN,henry,47079,Henry County,Tennessee,32328,561.902,57.53,5.0,False
TN,hickman,47081,Hickman County,Tennessee,25479,612.483,41.6,2.0,False
TN,houston,47083,Houston County,Tennessee,8230,200.294,41.09,6.0,False
TN,humphreys,47085,Humphreys County,Tennessee,19046,530.763,35.88,6.0,False
TN,jackson,47087,Jackson County,Tennessee,12022,308.81,38.93,5.0,False
TN,jefferson,47089,Jefferson County,Tennessee,56739,275.155,206.21,4.0,False
TN,johnson,47091,Johnson County,Tennessee,18044,298.44,60.46,6.0,False
TN,knox,47093,Knox County,Tennessee,495882,508.325,975.52,3.0,False
TN,lake,47095,Lake County,Tennessee,6493,165.785,39.17,6.0,False
TN,lauderdale,47097,Lauderdale County,Tennessee,24725,471.895,52.4,6.0,False
TN,lawrence,47099,Lawrence County,Tennessee,45476,617.13,73.69,5.0,False
TN,lewis,47101,Lewis County,Tennessee,12934,282.092,45.85,6.0,False
TN,lincoln,47103,Lincoln County,Tennessee,36006,570.342,63.13,5.0,False
TN,loudon,47105,Loudon County,Tennessee,58255,229.272,254.09,3.0,False
TN,macon,47111,Macon County,Tennessee,26225,307.144,85.38,2.0,False
TN,madison,47113,Madison County,Tennessee,99264,557.174,178.16,4.0,False
TN,marion,47115,Marion County,Tennessee,29101,502.179,57.95,3.0,False
TN,marshall,47117,Marshall County,Tennessee,35862,375.462,95.51,5.0,False
TN,maury,47119,Maury County,Tennessee,108007,613.083,176.17,2.0,False
TN,mcminn,47107,McMinn County,Tennessee,54680,430.117,127.13,5.0,False
TN,mcnairy,47109,McNairy County,Tennessee,25971,562.845,46.14,6.0,False
TN,meigs,47121,Meigs County,Tennessee,13265,195.135,67.98,5.0,False
TN,monroe,47123,Monroe County,Tennessee,47694,635.774,75.02,6.0,False
TN,montgomery,47125,Montgomery County,Tennessee,235252,539.169,436.32,3.0,False
TN,moore,47127,Moore County,Tennessee,6715,129.223,51.96,5.0,False
TN,morgan,47129,Morgan County,Tennessee,21176,522.18,40.55,3.0,False
TN,obion,47131,Obion County,Tennessee,30365,544.848,55.73,5.0,False
TN,overton,47133,Overton County,Tennessee,22992,433.488,53.04,5.0,False
TN,perry,47135,Perry County,Tennessee,8702,414.765,20.98,6.0,False
TN,pickett,47137,Pickett County,Tennessee,5102,162.97,31.31,6.0,False
TN,polk,47139,Polk County,Tennessee,17799,434.605,40.95,4.0,False
TN,putnam,47141,Putnam County,Tennessee,82603,401.106,205.94,5.0,False
TN,rhea,47143,Rhea County,Tennessee,34056,315.473,107.95,6.0,False
TN,roane,47145,Roane County,Tennessee,55256,360.768,153.16,3.0,False
TN,robertson,47147,Robertson County,Tennessee,75402,476.336,158.3,2.0,False
TN,rutherford,47149,Rutherford County,Tennessee,362044,619.267,584.63,2.0,False
TN,scott,47151,Scott County,Tennessee,22033,532.301,41.39,6.0,False
TN,sequatchie,47153,Sequatchie County,Tennessee,16943,265.851,63.73,3.0,False
TN,sevier,47155,Sevier County,Tennessee,99318,592.518,167.62,5.0,False
TN,shelby,47157,Shelby County,Tennessee,918382,752.764,1220.01,1.0,False
TN,smith,47159,Smith County,Tennessee,20485,314.278,65.18,2.0,False
TN,stewart,47161,Stewart County,Tennessee,14001,459.776,30.45,3.0,False
TN,sullivan,47163,Sullivan County,Tennessee,160891,413.544,389.05,3.0,False
TN,sumner,47165,Sumner County,Tennessee,204018,529.454,385.34,2.0,False
TN,tipton,47167,Tipton County,Tennessee,61577,455.611,135.15,2.0,False
TN,trousdale,47169,Trousdale County,Tennessee,12085,114.342,105.69,2.0,False
TN,unicoi,47171,Unicoi County,Tennessee,17606,186.064,94.62,4.0,False
TN,union,47173,Union County,Tennessee,20483,223.583,91.61,3.0,False
TN,van buren,47175,Van Buren County,Tennessee,6455,273.415,23.61,6.0,False
TN,warren,47177,Warren County,Tennessee,42014,432.673,97.1,5.0,False
TN,washington,47179,Washington County,Tennessee,136339,326.548,417.52,4.0,False
TN,wayne,47181,Wayne County,Tennessee,16259,734.109,22.15,6.0,False
TN,weakley,47183,Weakley County,Tennessee,33032,580.353,56.92,5.0,False
TN,white,47185,White County,Tennessee,28004,376.678,74.34,5.0,False
TN,williamson,47187,Williamson County,Tennessee,261536,582.911,448.67,2.0,False
TN,wilson,47189,Wilson County,Tennessee,159029,571.088,278.47,2.0,False
TX,anderson,48001,Anderson County,Texas,57296,1062.617,53.92,5.0,False
TX,andrews,48003,Andrews County,Texas,18372,1500.686,12.24,5.0,False
TX,angelina,48005,Angelina County,Texas,87229,797.865,109.33,5.0,False
TX,aransas,48007,Aransas County,Texas,24973,252.069,99.07,3.0,False
TX,archer,48009,Archer County,Texas,8858,903.289,9.81,4.0,False
TX,armstrong,48011,Armstrong County,Texas,1857,909.123,2.04,3.0,False
TX,atascosa,48013,Atascosa County,Texas,50935,1219.542,41.77,2.0,False
TX,austin,48015,Austin County,Texas,31067,646.496,48.05,2.0,False
TX,bailey,48017,Bailey County,Texas,6853,826.972,8.29,6.0,False
TX,bandera,48019,Bandera County,Texas,22127,790.994,27.97,2.0,False
TX,bastrop,48021,Bastrop County,Texas,106484,888.228,119.88,2.0,False
TX,baylor,48023,Baylor County,Texas,3476,867.481,4.01,6.0,False
TX,bee,48025,Bee County,Texas,30995,880.239,35.21,5.0,False
TX,bell,48027,Bell County,Texas,387828,1053.836,368.02,3.0,False
TX,bexar,48029,Bexar County,Texas,2063840,1240.36,1663.9,1.0,False
TX,blanco,48031,Blanco County,Texas,12439,709.252,17.54,6.0,False
TX,borden,48033,Borden County,Texas,581,897.443,0.65,6.0,False
TX,bosque,48035,Bosque County,Texas,18701,982.971,19.02,3.0,False
TX,bowie,48037,Bowie County,Texas,91689,884.939,103.61,4.0,False
TX,brazoria,48039,Brazoria County,Texas,388946,1363.286,285.3,2.0,False
TX,brazos,48041,Brazos County,Texas,242515,586.138,413.75,3.0,False
TX,brewster,48043,Brewster County,Texas,9381,6183.763,1.52,6.0,False
TX,briscoe,48045,Briscoe County,Texas,1441,900.001,1.6,6.0,False
TX,brooks,48047,Brooks County,Texas,6960,943.355,7.38,5.0,False
TX,brown,48049,Brown County,Texas,38411,944.452,40.67,5.0,False
TX,burleson,48051,Burleson County,Texas,18739,659.082,28.43,3.0,False
TX,burnet,48053,Burnet County,Texas,52578,994.836,52.85,6.0,False
TX,caldwell,48055,Caldwell County,Texas,47920,544.541,88.0,2.0,False
TX,calhoun,48057,Calhoun County,Texas,19735,506.932,38.93,5.0,False
TX,callahan,48059,Callahan County,Texas,14275,899.372,15.87,4.0,False
TX,cameron,48061,Cameron County,Texas,425819,891.721,477.52,3.0,False
TX,camp,48063,Camp County,Texas,12750,195.847,65.1,5.0,False
TX,carson,48065,Carson County,Texas,5809,920.235,6.31,3.0,False
TX,cass,48067,Cass County,Texas,28530,936.947,30.45,6.0,False
TX,castro,48069,Castro County,Texas,7307,894.444,8.17,6.0,False
TX,chambers,48071,Chambers County,Texas,51403,597.212,86.07,2.0,False
TX,cherokee,48073,Cherokee County,Texas,51666,1052.954,49.07,5.0,False
TX,childress,48075,Childress County,Texas,6834,696.511,9.81,6.0,False
TX,clay,48077,Clay County,Texas,10484,1088.759,9.63,4.0,False
TX,cochran,48079,Cochran County,Texas,2551,775.082,3.29,3.0,False
TX,coke,48081,Coke County,Texas,3347,911.646,3.67,6.0,False
TX,coleman,48083,Coleman County,Texas,7863,1262.914,6.23,6.0,False
TX,collin,48085,Collin County,Texas,1163724,841.365,1383.14,1.0,False
TX,collingsworth,48087,Collingsworth County,Texas,2584,918.441,2.81,6.0,False
TX,colorado,48089,Colorado County,Texas,20926,960.291,21.79,6.0,False
TX,comal,48091,Comal County,Texas,184799,559.537,330.27,2.0,False
TX,comanche,48093,Comanche County,Texas,13903,937.753,14.83,6.0,False
TX,concho,48095,Concho County,Texas,3371,983.755,3.43,6.0,False
TX,cooke,48097,Cooke County,Texas,43047,874.826,49.21,5.0,False
TX,coryell,48099,Coryell County,Texas,84224,1052.247,80.04,3.0,False
TX,cottle,48101,Cottle County,Texas,1317,900.564,1.46,6.0,False
TX,crane,48103,Crane County,Texas,4557,785.069,5.8,6.0,False
TX,crockett,48105,Crockett County,Texas,2952,2807.324,1.05,6.0,False
TX,crosby,48107,Crosby County,Texas,5010,900.199,5.57,3.0,False
TX,culberson,48109,Culberson County,Texas,2159,3812.156,0.57,6.0,False
TX,dallam,48111,Dallam County,Texas,7271,1503.353,4.84,6.0,False
TX,dallas,48113,Dallas County,Texas,2613712,873.16,2993.39,1.0,False
TX,dawson,48115,Dawson County,Texas,12171,900.306,13.52,6.0,False
TX,deaf smith,48117,Deaf Smith County,Texas,18433,1496.822,12.31,5.0,False
TX,delta,48119,Delta County,Texas,5417,256.832,21.09,6.0,False
TX,denton,48121,Denton County,Texas,980355,878.75,1115.62,2.0,False
TX,dewitt,48123,DeWitt County,Texas,19783,908.976,21.76,6.0,False
TX,dickens,48125,Dickens County,Texas,1734,901.724,1.92,6.0,False
TX,dimmit,48127,Dimmit County,Texas,8377,1328.885,6.3,6.0,False
TX,donley,48129,Donley County,Texas,3275,927.037,3.53,6.0,False
TX,duval,48131,Duval County,Texas,9688,1793.477,5.4,6.0,False
TX,eastland,48133,Eastland County,Texas,17909,926.508,19.33,6.0,False
TX,ector,48135,Ector County,Texas,161480,897.884,179.85,4.0,False
TX,edwards,48137,Edwards County,Texas,1423,2117.872,0.67,6.0,False
TX,el paso,48141,El Paso County,Texas,868890,1013.525,857.3,3.0,False
TX,ellis,48139,Ellis County,Texas,212548,935.774,227.14,2.0,False
TX,erath,48143,Erath County,Texas,43929,1083.179,40.56,5.0,False
TX,falls,48145,Falls County,Texas,16958,765.495,22.15,3.0,False
TX,fannin,48147,Fannin County,Texas,37237,877.939,42.41,5.0,False
TX,fayette,48149,Fayette County,Texas,24987,949.934,26.3,6.0,False
TX,fisher,48151,Fisher County,Texas,3639,898.951,4.05,6.0,False
TX,floyd,48153,Floyd County,Texas,5250,992.143,5.29,5.0,False
TX,foard,48155,Foard County,Texas,1062,704.397,1.51,6.0,False
TX,fort bend,48157,Fort Bend County,Texas,893319,861.785,1036.59,2.0,False
TX,franklin,48159,Franklin County,Texas,10641,284.391,37.42,6.0,False
TX,freestone,48161,Freestone County,Texas,20006,877.731,22.79,6.0,False
TX,frio,48163,Frio County,Texas,18220,1133.501,16.07,6.0,False
TX,gaines,48165,Gaines County,Texas,22157,1502.363,14.75,6.0,False
TX,galveston,48167,Galveston County,Texas,357735,379.413,942.86,2.0,False
TX,garza,48169,Garza County,Texas,4527,893.416,5.07,3.0,False
TX,gillespie,48171,Gillespie County,Texas,27572,1058.203,26.06,5.0,False
TX,glasscock,48173,Glasscock County,Texas,1145,900.218,1.27,6.0,False
TX,goliad,48175,Goliad County,Texas,7144,852.011,8.38,4.0,False
TX,gonzales,48177,Gonzales County,Texas,19865,1066.686,18.62,6.0,False
TX,gray,48179,Gray County,Texas,20986,925.974,22.66,5.0,False
TX,grayson,48181,Grayson County,Texas,143292,932.832,153.61,4.0,False
TX,gregg,48183,Gregg County,Texas,125668,273.38,459.68,3.0,False
TX,grimes,48185,Grimes County,Texas,31141,787.467,39.55,6.0,False
TX,guadalupe,48187,Guadalupe County,Texas,182953,711.252,257.23,2.0,False
TX,hale,48189,Hale County,Texas,32007,1004.68,31.86,5.0,False
TX,hall,48191,Hall County,Texas,2820,883.492,3.19,6.0,False
TX,hamilton,48193,Hamilton County,Texas,8314,835.915,9.95,6.0,False
TX,hansford,48195,Hansford County,Texas,5117,919.81,5.56,6.0,False
TX,hardeman,48197,Hardeman County,Texas,3509,695.114,5.05,6.0,False
TX,hardin,48199,Hardin County,Texas,57819,890.577,64.92,3.0,False
TX,harris,48201,Harris County,Texas,4806747,1707.288,2815.43,1.0,False
TX,harrison,48203,Harrison County,Texas,70047,900.059,77.82,3.0,False
TX,hartley,48205,Hartley County,Texas,5220,1461.955,3.57,6.0,False
TX,haskell,48207,Haskell County,Texas,5412,903.133,5.99,6.0,False
TX,hays,48209,Hays County,Texas,269476,676.852,398.13,2.0,False
TX,hemphill,48211,Hemphill County,Texas,3204,906.286,3.54,6.0,False
TX,henderson,48213,Henderson County,Texas,84508,873.773,96.72,5.0,False
TX,hidalgo,48215,Hidalgo County,Texas,889799,1571.23,566.31,3.0,False
TX,hill,48217,Hill County,Texas,37320,958.858,38.92,6.0,False
TX,hockley,48219,Hockley County,Texas,21227,908.392,23.37,3.0,False
TX,hood,48221,Hood County,Texas,66315,420.74,157.62,5.0,False
TX,hopkins,48223,Hopkins County,Texas,37834,767.431,49.3,5.0,False
TX,houston,48225,Houston County,Texas,21936,1230.997,17.82,6.0,False
TX,howard,48227,Howard County,Texas,30745,900.79,34.13,5.0,False
TX,hudspeth,48229,Hudspeth County,Texas,3454,4570.517,0.76,3.0,False
TX,hunt,48231,Hunt County,Texas,108532,840.422,129.14,2.0,False
TX,hutchinson,48233,Hutchinson County,Texas,20176,887.424,22.74,5.0,False
TX,irion,48235,Irion County,Texas,1544,1051.544,1.47,4.0,False
TX,jack,48237,Jack County,Texas,8755,910.972,9.61,6.0,False
TX,jackson,48239,Jackson County,Texas,15162,829.443,18.28,6.0,False
TX,jasper,48241,Jasper County,Texas,32518,938.655,34.64,6.0,False
TX,jeff davis,48243,Jeff Davis County,Texas,1908,2264.556,0.84,6.0,False
TX,jefferson,48245,Jefferson County,Texas,252095,876.735,287.54,3.0,False
TX,jim hogg,48247,Jim Hogg County,Texas,4764,1136.173,4.19,6.0,False
TX,jim wells,48249,Jim Wells County,Texas,38755,865.176,44.79,5.0,False
TX,johnson,48251,Johnson County,Texas,195774,725.059,270.01,2.0,False
TX,jones,48253,Jones County,Texas,20316,928.606,21.88,4.0,False
TX,karnes,48255,Karnes County,Texas,15039,747.752,20.11,6.0,False
TX,kaufman,48257,Kaufman County,Texas,172951,780.708,221.53,2.0,False
TX,kendall,48259,Kendall County,Texas,49046,662.454,74.04,2.0,False
TX,kenedy,48261,Kenedy County,Texas,358,1458.562,0.25,6.0,False
TX,kent,48263,Kent County,Texas,739,902.507,0.82,6.0,False
TX,kerr,48265,Kerr County,Texas,53785,1103.333,48.75,5.0,False
TX,kimble,48267,Kimble County,Texas,4438,1250.98,3.55,6.0,False
TX,king,48269,King County,Texas,233,910.873,0.26,6.0,False
TX,kinney,48271,Kinney County,Texas,3143,1360.533,2.31,6.0,False
TX,kleberg,48273,Kleberg County,Texas,30454,881.306,34.56,5.0,False
TX,knox,48275,Knox County,Texas,3288,850.621,3.87,6.0,False
TX,la salle,48283,La Salle County,Texas,6561,1486.704,4.41,6.0,False
TX,lamar,48277,Lamar County,Texas,50513,907.332,55.67,5.0,False
TX,lamb,48279,Lamb County,Texas,12774,1016.181,12.57,6.0,False
TX,lampasas,48281,Lampasas County,Texas,22789,712.528,31.98,3.0,False
TX,lavaca,48285,Lavaca County,Texas,20661,969.709,21.31,6.0,False
TX,lee,48287,Lee County,Texas,17966,629.039,28.56,6.0,False
TX,leon,48289,Leon County,Texas,16228,1073.156,15.12,6.0,False
TX,liberty,48291,Liberty County,Texas,102661,1158.462,88.62,2.0,False
TX,limestone,48293,Limestone County,Texas,22224,905.43,24.55,6.0,False
TX,lipscomb,48295,Lipscomb County,Texas,2855,932.214,3.06,6.0,False
TX,live oak,48297,Live Oak County,Texas,11571,1039.695,11.13,6.0,False
TX,llano,48299,Llano County,Texas,22664,934.065,24.26,6.0,False
TX,loving,48301,Loving County,Texas,47,668.818,0.07,6.0,False
TX,lubbock,48303,Lubbock County,Texas,318324,895.604,355.43,3.0,False
TX,lynn,48305,Lynn County,Texas,5751,891.867,6.45,3.0,False
TX,madison,48313,Madison County,Texas,13642,466.065,29.27,6.0,False
TX,marion,48315,Marion County,Texas,9677,380.902,25.41,6.0,False
TX,martin,48317,Martin County,Texas,5226,914.956,5.71,4.0,False
TX,mason,48319,Mason County,Texas,3975,928.836,4.28,6.0,False
TX,matagorda,48321,Matagorda County,Texas,36182,1093.122,33.1,5.0,False
TX,maverick,48323,Maverick County,Texas,57813,1279.476,45.18,4.0,False
TX,mcculloch,48307,McCulloch County,Texas,7494,1065.601,7.03,6.0,False
TX,mclennan,48309,McLennan County,Texas,266254,1036.69,256.83,3.0,False
TX,mcmullen,48311,McMullen County,Texas,571,1139.799,0.5,6.0,False
TX,medina,48325,Medina County,Texas,53756,1325.361,40.56,2.0,False
TX,menard,48327,Menard County,Texas,1979,902.027,2.19,6.0,False
TX,midland,48329,Midland County,Texas,172705,900.358,191.82,4.0,False
TX,milam,48331,Milam County,Texas,25649,1016.356,25.24,6.0,False
TX,mills,48333,Mills County,Texas,4504,748.225,6.02,6.0,False
TX,mitchell,48335,Mitchell County,Texas,8959,911.093,9.83,6.0,False
TX,montague,48337,Montague County,Texas,21134,930.906,22.7,6.0,False
TX,montgomery,48339,Montgomery County,Texas,680824,1042.179,653.27,2.0,False
TX,moore,48341,Moore County,Texas,21156,899.698,23.51,5.0,False
TX,morris,48343,Morris County,Texas,12082,251.989,47.95,5.0,False
TX,motley,48345,Motley County,Texas,1033,989.566,1.04,6.0,False
TX,nacogdoches,48347,Nacogdoches County,Texas,64995,946.324,68.68,5.0,False
TX,navarro,48349,Navarro County,Texas,54775,1009.702,54.25,5.0,False
TX,newton,48351,Newton County,Texas,12076,933.677,12.93,6.0,False
TX,nolan,48353,Nolan County,Texas,14460,911.997,15.86,5.0,False
TX,nueces,48355,Nueces County,Texas,351852,839.287,419.23,3.0,False
TX,ochiltree,48357,Ochiltree County,Texas,9718,917.685,10.59,6.0,False
TX,oldham,48359,Oldham County,Texas,1764,1500.523,1.18,3.0,False
TX,orange,48361,Orange County,Texas,85125,333.795,255.02,3.0,False
TX,palo pinto,48363,Palo Pinto County,Texas,29292,952.549,30.75,5.0,False
TX,panola,48365,Panola County,Texas,22730,811.355,28.01,6.0,False
TX,parker,48367,Parker County,Texas,165899,903.719,183.57,2.0,False
TX,parmer,48369,Parmer County,Texas,9657,880.822,10.96,6.0,False
TX,pecos,48371,Pecos County,Texas,14742,4763.835,3.09,6.0,False
TX,polk,48373,Polk County,Texas,53223,1057.053,50.35,6.0,False
TX,potter,48375,Potter County,Texas,115100,908.393,126.71,3.0,False
TX,presidio,48377,Presidio County,Texas,5970,3855.252,1.55,6.0,False
TX,rains,48379,Rains County,Texas,12858,229.49,56.03,6.0,False
TX,randall,48381,Randall County,Texas,146221,912.711,160.21,3.0,False
TX,reagan,48383,Reagan County,Texas,3161,1175.314,2.69,6.0,False
TX,real,48385,Real County,Texas,2819,699.16,4.03,6.0,False
TX,red river,48387,Red River County,Texas,11594,1043.896,11.11,5.0,False
TX,reeves,48389,Reeves County,Texas,11750,2635.354,4.46,5.0,False
TX,refugio,48391,Refugio County,Texas,6649,770.484,8.63,6.0,False
TX,roberts,48393,Roberts County,Texas,804,924.058,0.87,5.0,False
TX,robertson,48395,Robertson County,Texas,17135,855.155,20.04,3.0,False
TX,rockwall,48397,Rockwall County,Texas,123538,127.21,971.13,2.0,False
TX,runnels,48399,Runnels County,Texas,9896,1051.07,9.42,6.0,False
TX,rusk,48401,Rusk County,Texas,52597,924.199,56.91,3.0,False
TX,sabine,48403,Sabine County,Texas,10035,491.71,20.41,6.0,False
TX,san augustine,48405,San Augustine County,Texas,7886,530.659,14.86,6.0,False
TX,san jacinto,48407,San Jacinto County,Texas,28399,569.243,49.89,2.0,False
TX,san patricio,48409,San Patricio County,Texas,70044,693.321,101.03,3.0,False
TX,san saba,48411,San Saba County,Texas,5873,1135.313,5.17,6.0,False
TX,schleicher,48413,Schleicher County,Texas,2351,1310.642,1.79,6.0,False
TX,scurry,48415,Scurry County,Texas,16258,905.445,17.96,5.0,False
TX,shackelford,48417,Shackelford County,Texas,3201,914.286,3.5,6.0,False
TX,shelby,48419,Shelby County,Texas,24163,795.589,30.37,6.0,False
TX,sherman,48421,Sherman County,Texas,2781,922.86,3.01,6.0,False
TX,smith,48423,Smith County,Texas,242249,921.485,262.89,4.0,False
TX,somervell,48425,Somervell County,Texas,9791,186.207,52.58,6.0,False
TX,starr,48427,Starr County,Texas,65793,1223.179,53.79,5.0,False
TX,stephens,48429,Stephens County,Texas,9374,896.721,10.45,6.0,False
TX,sterling,48431,Sterling County,Texas,1417,923.449,1.53,6.0,False
TX,stonewall,48433,Stonewall County,Texas,1218,916.313,1.33,6.0,False
TX,sutton,48435,Sutton County,Texas,3239,1453.935,2.23,6.0,False
TX,swisher,48437,Swisher County,Texas,6952,890.16,7.81,6.0,False
TX,tarrant,48439,Tarrant County,Texas,2161670,865.364,2497.99,1.0,False
TX,taylor,48441,Taylor County,Texas,145481,915.536,158.9,4.0,False
TX,terrell,48443,Terrell County,Texas,693,2357.958,0.29,6.0,False
TX,terry,48445,Terry County,Texas,11462,888.851,12.9,6.0,False
TX,throckmorton,48447,Throckmorton County,Texas,1543,912.552,1.69,6.0,False
TX,titus,48449,Titus County,Texas,31273,406.302,76.97,5.0,False
TX,tom green,48451,Tom Green County,Texas,119006,1522.32,78.17,4.0,False
TX,travis,48453,Travis County,Texas,1332544,994.313,1340.17,1.0,False
TX,trinity,48455,Trinity County,Texas,13996,693.795,20.17,6.0,False
TX,tyler,48457,Tyler County,Texas,20447,924.39,22.12,6.0,False
TX,upshur,48459,Upshur County,Texas,42492,582.98,72.89,3.0,False
TX,upton,48461,Upton County,Texas,3157,1241.323,2.54,6.0,False
TX,uvalde,48463,Uvalde County,Texas,24895,1551.922,16.04,5.0,False
TX,val verde,48465,Val Verde County,Texas,47678,3144.75,15.16,5.0,False
TX,van zandt,48467,Van Zandt County,Texas,62872,842.572,74.62,6.0,False
TX,victoria,48469,Victoria County,Texas,91128,882.087,103.31,4.0,False
TX,walker,48471,Walker County,Texas,79821,784.224,101.78,5.0,False
TX,waller,48473,Waller County,Texas,61967,513.297,120.72,2.0,False
TX,ward,48475,Ward County,Texas,10946,835.603,13.1,6.0,False
TX,washington,48477,Washington County,Texas,36382,604.194,60.22,5.0,False
TX,webb,48479,Webb County,Texas,268276,3361.498,79.81,3.0,False
TX,wharton,48481,Wharton County,Texas,41811,1086.144,38.49,5.0,False
TX,wheeler,48483,Wheeler County,Texas,4801,914.533,5.25,6.0,False
TX,wichita,48485,Wichita County,Texas,130166,627.593,207.41,4.0,False
TX,wilbarger,48487,Wilbarger County,Texas,12544,970.946,12.92,5.0,False
TX,willacy,48489,Willacy County,Texas,20231,590.613,34.25,5.0,False
TX,williamson,48491,Williamson County,Texas,673951,1115.847,603.98,2.0,False
TX,wilson,48493,Wilson County,Texas,52772,803.735,65.66,2.0,False
TX,winkler,48495,Winkler County,Texas,7305,841.269,8.68,6.0,False
TX,wise,48497,Wise County,Texas,74900,904.454,82.81,2.0,False
TX,wood,48499,Wood County,Texas,46967,645.244,72.79,6.0,False
TX,yoakum,48501,Yoakum County,Texas,7523,799.715,9.41,6.0,False
TX,young,48503,Young County,Texas,17998,914.498,19.68,6.0,False
TX,zapata,48505,Zapata County,Texas,13841,998.412,13.86,5.0,False
TX,zavala,48507,Zavala County,Texas,9382,1297.407,7.23,6.0,False
UT,beaver,49001,Beaver County,Utah,7348,2582.912,2.84,6.0,False
UT,box elder,49003,Box Elder County,Utah,61590,5781.304,10.65,5.0,False
UT,cache,49005,Cache County,Utah,140450,1164.687,120.59,4.0,False
UT,carbon,49007,Carbon County,Utah,20530,1479.343,13.88,5.0,False
UT,daggett,49009,Daggett County,Utah,1011,696.515,1.45,6.0,False
UT,davis,49011,Davis County,Utah,370424,324.753,1140.63,3.0,False
UT,duchesne,49013,Duchesne County,Utah,20158,3235.523,6.23,6.0,False
UT,emery,49015,Emery County,Utah,10104,4462.635,2.26,6.0,False
UT,garfield,49017,Garfield County,Utah,5264,5179.556,1.02,6.0,False
UT,grand,49019,Grand County,Utah,9809,3672.858,2.67,6.0,False
UT,iron,49021,Iron County,Utah,62607,3296.167,18.99,5.0,False
UT,juab,49023,Juab County,Utah,12575,3391.812,3.71,3.0,False
UT,kane,49025,Kane County,Utah,8208,3994.14,2.06,6.0,False
UT,millard,49027,Millard County,Utah,13328,6785.482,1.96,6.0,False
UT,morgan,49029,Morgan County,Utah,12860,609.197,21.11,3.0,False
UT,piute,49031,Piute County,Utah,1493,758.21,1.97,6.0,False
UT,rich,49033,Rich County,Utah,2634,1028.758,2.56,5.0,False
UT,salt lake,49035,Salt Lake County,Utah,1192255,752.852,1583.65,1.0,False
UT,san juan,49037,San Juan County,Utah,14411,7823.765,1.84,6.0,False
UT,sanpete,49039,Sanpete County,Utah,29762,1589.816,18.72,6.0,False
UT,sevier,49041,Sevier County,Utah,22065,1910.476,11.55,6.0,False
UT,summit,49043,Summit County,Utah,43134,1870.674,23.06,5.0,False
UT,tooele,49045,Tooele County,Utah,79981,7040.271,11.36,2.0,False
UT,uintah,49047,Uintah County,Utah,37162,4482.881,8.29,5.0,False
UT,utah,49049,Utah County,Utah,704764,2004.46,351.6,3.0,False
UT,wasatch,49051,Wasatch County,Utah,36731,1176.952,31.21,5.0,False
UT,washington,49053,Washington County,Utah,197898,2427.589,81.52,4.0,False
UT,wayne,49055,Wayne County,Utah,2632,2461.094,1.07,6.0,False
UT,weber,49057,Weber County,Utah,269823,611.023,441.59,3.0,False
VA,accomack,51001,Accomack County,Virginia,33157,449.303,73.8,6.0,False
VA,albemarle,51003,Albemarle County,Virginia,114925,720.477,159.51,4.0,False
VA,alexandria,51510,Alexandria city,Virginia,155235,14.935,10394.04,2.0,False
VA,alleghany,51005,Alleghany County,Virginia,14764,446.572,33.06,6.0,False
VA,amelia,51007,Amelia County,Virginia,13419,355.36,37.76,2.0,False
VA,amherst,51009,Amherst County,Virginia,31512,473.962,66.49,3.0,False
VA,appomattox,51011,Appomattox County,Virginia,16696,334.224,49.95,3.0,False
VA,arlington,51013,Arlington County,Virginia,233976,25.997,9000.12,2.0,False
VA,augusta,51015,Augusta County,Virginia,77919,967.074,80.57,4.0,False
VA,bath,51017,Bath County,Virginia,4077,529.202,7.7,6.0,False
VA,bedford,51019,Bedford County,Virginia,80798,760.116,106.3,3.0,False
VA,bland,51021,Bland County,Virginia,6151,357.645,17.2,6.0,False
VA,botetourt,51023,Botetourt County,Virginia,34092,541.276,62.98,3.0,False
VA,bristol,51520,Bristol city,Virginia,16884,12.871,1311.79,3.0,False
VA,brunswick,51025,Brunswick County,Virginia,15856,566.351,28.0,6.0,False
VA,buchanan,51027,Buchanan County,Virginia,19329,502.855,38.44,6.0,False
VA,buckingham,51029,Buckingham County,Virginia,16983,579.623,29.3,6.0,False
VA,buena vista,51530,Buena Vista city,Virginia,6567,6.438,1020.04,6.0,False
VA,campbell,51031,Campbell County,Virginia,55035,503.257,109.36,3.0,False
VA,caroline,51033,Caroline County,Virginia,31959,527.365,60.6,6.0,False
VA,carroll,51035,Carroll County,Virginia,29096,474.742,61.29,6.0,False
VA,charles city,51036,Charles City County,Virginia,6580,182.901,35.98,2.0,False
VA,charlotte,51037,Charlotte County,Virginia,11427,475.296,24.04,6.0,False
VA,charlottesville,51540,Charlottesville city,Virginia,45223,10.245,4414.15,4.0,False
VA,chesapeake,51550,Chesapeake city,Virginia,252493,338.456,746.01,1.0,False
VA,chesterfield,51041,Chesterfield County,Virginia,378488,423.506,893.7,2.0,False
VA,clarke,51043,Clarke County,Virginia,15312,175.958,87.02,2.0,False
VA,colonial heights,51570,Colonial Heights city,Virginia,18265,7.519,2429.18,2.0,False
VA,covington,51580,Covington city,Virginia,5668,5.469,1036.39,6.0,False
VA,craig,51045,Craig County,Virginia,4859,328.098,14.81,3.0,False
VA,culpeper,51047,Culpeper County,Virginia,54250,379.179,143.07,2.0,False
VA,cumberland,51049,Cumberland County,Virginia,9755,297.474,32.79,6.0,False
VA,danville,51590,Danville city,Virginia,42099,42.803,983.55,5.0,False
VA,dickenson,51051,Dickenson County,Virginia,13714,330.442,41.5,6.0,False
VA,dinwiddie,51053,Dinwiddie County,Virginia,28112,503.826,55.8,2.0,False
VA,emporia,51595,Emporia city,Virginia,5524,6.629,833.31,6.0,False
VA,essex,51057,Essex County,Virginia,10644,257.354,41.36,6.0,False
VA,fairfax,51059,Fairfax County + Fairfax city,Virginia,1165346,397.26099999999997,2933.45,2.0,True
VA,falls church,51610,Falls Church city,Virginia,14518,2.046,7095.8,2.0,False
VA,fauquier,51061,Fauquier County,Virginia,74686,647.994,115.26,2.0,False
VA,floyd,51063,Floyd County,Virginia,15625,380.923,41.02,4.0,False
VA,fluvanna,51065,Fluvanna County,Virginia,28134,287.117,97.99,4.0,False
VA,franklin,51067,Franklin County + Franklin city,Virginia,63306,698.888,90.58,3.0,True
VA,frederick,51069,Frederick County,Virginia,94839,413.135,229.56,4.0,False
VA,fredericksburg,51630,Fredericksburg city,Virginia,28709,10.45,2747.27,2.0,False
VA,galax,51640,Galax city,Virginia,6724,8.236,816.42,6.0,False
VA,giles,51071,Giles County,Virginia,16430,357.225,45.99,4.0,False
VA,gloucester,51073,Gloucester County,Virginia,39546,217.81,181.56,2.0,False
VA,goochland,51075,Goochland County,Virginia,26184,282.101,92.82,2.0,False
VA,grayson,51077,Grayson County,Virginia,15310,441.785,34.65,6.0,False
VA,greene,51079,Greene County,Virginia,21026,155.947,134.83,4.0,False
VA,greensville,51081,Greensville County,Virginia,11232,295.377,38.03,6.0,False
VA,halifax,51083,Halifax County,Virginia,33599,817.731,41.09,6.0,False
VA,hampton,51650,Hampton city,Virginia,137970,51.461,2681.06,2.0,False
VA,hanover,51085,Hanover County,Virginia,112889,467.573,241.44,2.0,False
VA,harrisonburg,51660,Harrisonburg city,Virginia,51207,17.336,2953.8,4.0,False
VA,henrico,51087,Henrico County,Virginia,334855,233.699,1432.85,2.0,False
VA,henry,51089,Henry County,Virginia,49765,382.351,130.16,5.0,False
VA,highland,51091,Highland County,Virginia,2303,415.163,5.55,6.0,False
VA,hopewell,51670,Hopewell city,Virginia,22848,10.354,2206.68,2.0,False
VA,isle of wight,51093,Isle of Wight County,Virginia,40149,315.685,127.18,2.0,False
VA,james city,51095,James City County,Virginia,81426,142.298,572.22,2.0,False
VA,king and queen,51097,King and Queen County,Virginia,6721,315.131,21.33,2.0,False
VA,king george,51099,King George County,Virginia,27867,179.628,155.14,6.0,False
VA,king william,51101,King William County,Virginia,18528,273.91,67.64,2.0,False
VA,lancaster,51103,Lancaster County,Virginia,10838,133.306,81.3,6.0,False
VA,lee,51105,Lee County,Virginia,21842,435.378,50.17,6.0,False
VA,lexington,51678,Lexington city,Virginia,7508,2.499,3004.4,6.0,False
VA,loudoun,51107,Loudoun County,Virginia,432897,515.737,839.38,2.0,False
VA,louisa,51109,Louisa County,Virginia,39986,495.006,80.78,6.0,False
VA,lunenburg,51111,Lunenburg County,Virginia,12020,431.7,27.84,6.0,False
VA,lynchburg,51680,Lynchburg city,Virginia,79279,48.917,1620.68,3.0,False
VA,madison,51113,Madison County,Virginia,14013,320.639,43.7,6.0,False
VA,manassas,51683,Manassas city,Virginia,42710,9.843,4339.12,2.0,False
VA,manassas park,51685,Manassas Park city,Virginia,16675,3.034,5496.04,2.0,False
VA,martinsville,51690,Martinsville city,Virginia,13686,10.956,1249.18,5.0,False
VA,mathews,51115,Mathews County,Virginia,8467,85.911,98.56,2.0,False
VA,mecklenburg,51117,Mecklenburg County,Virginia,30511,625.31,48.79,6.0,False
VA,middlesex,51119,Middlesex County,Virginia,10958,130.33,84.08,6.0,False
VA,montgomery,51121,Montgomery County,Virginia,98980,386.848,255.86,4.0,False
VA,nelson,51125,Nelson County,Virginia,14692,470.745,31.21,4.0,False
VA,new kent,51127,New Kent County,Virginia,25000,210.031,119.03,2.0,False
VA,newport news,51700,Newport News city,Virginia,184004,68.996,2666.88,2.0,False
VA,norfolk,51710,Norfolk city,Virginia,232766,53.275,4369.14,2.0,False
VA,northampton,51131,Northampton County,Virginia,11974,211.712,56.56,6.0,False
VA,northumberland,51133,Northumberland County,Virginia,12263,191.433,64.06,6.0,False
VA,norton,51720,Norton city,Virginia,3594,7.477,480.67,6.0,False
VA,nottoway,51135,Nottoway County,Virginia,15561,314.39,49.5,6.0,False
VA,orange,51137,Orange County,Virginia,38019,340.515,111.65,5.0,False
VA,page,51139,Page County,Virginia,23747,310.017,76.6,6.0,False
VA,patrick,51141,Patrick County,Virginia,17569,482.957,36.38,6.0,False
VA,petersburg,51730,Petersburg city,Virginia,33481,22.72,1473.64,2.0,False
VA,pittsylvania,51143,Pittsylvania County,Virginia,59845,969.003,61.76,5.0,False
VA,poquoson,51735,Poquoson city,Virginia,12624,15.357,822.04,2.0,False
VA,portsmouth,51740,Portsmouth city,Virginia,96989,33.301,2912.5,2.0,False
VA,powhatan,51145,Powhatan County,Virginia,31582,260.202,121.37,2.0,False
VA,prince edward,51147,Prince Edward County,Virginia,21856,349.946,62.46,6.0,False
VA,prince george,51149,Prince George County,Virginia,43067,265.342,162.31,2.0,False
VA,prince william,51153,Prince William County,Virginia,487523,335.255,1454.19,2.0,False
VA,pulaski,51155,Pulaski County,Virginia,33639,319.84,105.17,4.0,False
VA,radford,51750,Radford city,Virginia,16723,9.676,1728.3,4.0,False
VA,rappahannock,51157,Rappahannock County,Virginia,7445,266.372,27.95,2.0,False
VA,richmond,51159,Richmond County + Richmond city,Virginia,237769,251.40300000000002,945.77,1.0,True
VA,roanoke,51161,Roanoke County + Roanoke city,Virginia,194599,293.069,664.0,3.0,True
VA,rockbridge,51163,Rockbridge County,Virginia,22585,596.548,37.86,6.0,False
VA,rockingham,51165,Rockingham County,Virginia,85390,849.796,100.48,4.0,False
VA,russell,51167,Russell County,Virginia,25440,473.524,53.72,6.0,False
VA,salem,51775,Salem city,Virginia,25698,14.517,1770.2,3.0,False
VA,scott,51169,Scott County,Virginia,21497,535.827,40.12,3.0,False
VA,shenandoah,51171,Shenandoah County,Virginia,44905,508.08,88.38,6.0,False
VA,smyth,51173,Smyth County,Virginia,29393,451.439,65.11,6.0,False
VA,southampton,51175,Southampton County,Virginia,17897,599.249,29.87,6.0,False
VA,spotsylvania,51177,Spotsylvania County,Virginia,146744,401.968,365.06,2.0,False
VA,stafford,51179,Stafford County,Virginia,163233,268.497,607.95,2.0,False
VA,staunton,51790,Staunton city,Virginia,25942,19.92,1302.31,4.0,False
VA,suffolk,51800,Suffolk city,Virginia,98630,399.167,247.09,2.0,False
VA,surry,51181,Surry County,Virginia,6506,278.949,23.32,2.0,False
VA,sussex,51183,Sussex County,Virginia,10652,490.244,21.73,2.0,False
VA,tazewell,51185,Tazewell County,Virginia,39650,518.791,76.43,5.0,False
VA,virginia beach,51810,Virginia Beach city,Virginia,454886,244.72,1858.8,1.0,False
VA,warren,51187,Warren County,Virginia,41436,214.572,193.11,2.0,False
VA,washington,51191,Washington County,Virginia,53846,561.193,95.95,3.0,False
VA,waynesboro,51820,Waynesboro city,Virginia,22742,14.97,1519.17,4.0,False
VA,westmoreland,51193,Westmoreland County,Virginia,18704,229.327,81.56,6.0,False
VA,williamsburg,51830,Williamsburg city,Virginia,15757,8.938,1762.92,2.0,False
VA,winchester,51840,Winchester city,Virginia,27919,9.193,3036.98,4.0,False
VA,wise,51195,Wise County,Virginia,35324,403.443,87.56,6.0,False
VA,wythe,51197,Wythe County,Virginia,28143,461.952,60.92,6.0,False
VA,york,51199,York County,Virginia,71209,104.701,680.12,2.0,False
VT,addison,50001,Addison County,Vermont,37619,766.331,49.09,6.0,False
VT,bennington,50003,Bennington County,Vermont,37367,674.237,55.42,5.0,False
VT,caledonia,50005,Caledonia County,Vermont,30578,649.213,47.1,6.0,False
VT,chittenden,50007,Chittenden County,Vermont,170050,536.849,316.76,4.0,False
VT,essex,50009,Essex County,Vermont,5988,662.37,9.04,6.0,False
VT,franklin,50011,Franklin County,Vermont,50732,630.961,80.4,4.0,False
VT,grand isle,50013,Grand Isle County,Vermont,7508,81.77,91.82,4.0,False
VT,lamoille,50015,Lamoille County,Vermont,26177,461.255,56.75,6.0,False
VT,orange,50017,Orange County,Vermont,29892,687.008,43.51,5.0,False
VT,orleans,50019,Orleans County,Vermont,27618,694.552,39.76,6.0,False
VT,rutland,50021,Rutland County,Vermont,60381,930.552,64.89,5.0,False
VT,washington,50023,Washington County,Vermont,60165,687.06,87.57,5.0,False
VT,windham,50025,Windham County,Vermont,45951,785.959,58.46,5.0,False
VT,windsor,50027,Windsor County,Vermont,58116,969.144,59.97,5.0,False
WA,adams,53001,Adams County,Washington,20843,1924.989,10.83,5.0,False
WA,asotin,53003,Asotin County,Washington,22497,636.075,35.37,4.0,False
WA,benton,53005,Benton County,Washington,212838,1700.128,125.19,3.0,False
WA,chelan,53007,Chelan County,Washington,80032,2921.178,27.4,4.0,False
WA,clallam,53009,Clallam County,Washington,77675,1738.774,44.67,5.0,False
WA,clark,53011,Clark County,Washington,517036,628.501,822.65,2.0,False
WA,columbia,53013,Columbia County,Washington,4018,868.585,4.63,6.0,False
WA,cowlitz,53015,Cowlitz County,Washington,112058,1141.159,98.2,4.0,False
WA,douglas,53017,Douglas County,Washington,44147,1819.244,24.27,4.0,False
WA,ferry,53019,Ferry County,Washington,7435,2203.241,3.37,6.0,False
WA,franklin,53021,Franklin County,Washington,98461,1241.596,79.3,3.0,False
WA,garfield,53023,Garfield County,Washington,2355,710.835,3.31,6.0,False
WA,grant,53025,Grant County,Washington,101308,2679.547,37.81,5.0,False
WA,grays harbor,53027,Grays Harbor County,Washington,77080,1901.464,40.54,5.0,False
WA,island,53029,Island County,Washington,86744,208.474,416.09,5.0,False
WA,jefferson,53031,Jefferson County,Washington,33597,1803.728,18.63,5.0,False
WA,king,53033,King County,Washington,2271238,2115.696,1073.52,1.0,False
WA,kitsap,53035,Kitsap County,Washington,277876,395.111,703.29,3.0,False
WA,kittitas,53037,Kittitas County,Washington,47368,2297.291,20.62,5.0,False
WA,klickitat,53039,Klickitat County,Washington,23248,1871.636,12.42,6.0,False
WA,lewis,53041,Lewis County,Washington,85307,2402.782,35.5,5.0,False
WA,lincoln,53043,Lincoln County,Washington,11609,2310.599,5.02,6.0,False
WA,mason,53045,Mason County,Washington,68238,959.553,71.11,5.0,False
WA,okanogan,53047,Okanogan County,Washington,43255,5266.193,8.21,6.0,False
WA,pacific,53049,Pacific County,Washington,24067,933.373,25.78,6.0,False
WA,pend oreille,53051,Pend Oreille County,Washington,14153,1400.245,10.11,6.0,False
WA,pierce,53053,Pierce County,Washington,927313,1668.004,555.94,2.0,False
WA,san juan,53055,San Juan County,Washington,18666,173.914,107.33,6.0,False
WA,skagit,53057,Skagit County,Washington,131229,1730.231,75.84,4.0,False
WA,skamania,53059,Skamania County,Washington,12454,1658.268,7.51,2.0,False
WA,snohomish,53061,Snohomish County,Washington,841529,2086.515,403.32,2.0,False
WA,spokane,53063,Spokane County,Washington,549835,1764.224,311.66,3.0,False
WA,stevens,53065,Stevens County,Washington,48273,2477.103,19.49,3.0,False
WA,thurston,53067,Thurston County,Washington,298645,722.501,413.35,3.0,False
WA,wahkiakum,53069,Wahkiakum County,Washington,4691,262.928,17.84,6.0,False
WA,walla walla,53071,Walla Walla County,Washington,62085,1270.033,48.88,4.0,False
WA,whatcom,53073,Whatcom County,Washington,230701,2107.949,109.44,4.0,False
WA,whitman,53075,Whitman County,Washington,47653,2159.262,22.07,5.0,False
WA,yakima,53077,Yakima County,Washington,256566,4294.512,59.74,3.0,False
WI,adams,55001,Adams County,Wisconsin,21211,645.646,32.85,6.0,False
WI,ashland,55003,Ashland County,Wisconsin,16037,1044.97,15.35,6.0,False
WI,barron,55005,Barron County,Wisconsin,46828,863.054,54.26,5.0,False
WI,bayfield,55007,Bayfield County,Wisconsin,16664,1477.881,11.28,6.0,False
WI,brown,55009,Brown County,Wisconsin,270561,530.092,510.4,3.0,False
WI,buffalo,55011,Buffalo County,Wisconsin,13400,675.791,19.83,6.0,False
WI,burnett,55013,Burnett County,Wisconsin,16973,821.596,20.66,6.0,False
WI,calumet,55015,Calumet County,Wisconsin,52745,318.25,165.73,4.0,False
WI,chippewa,55017,Chippewa County,Wisconsin,66775,1008.355,66.22,4.0,False
WI,clark,55019,Clark County,Wisconsin,34742,1209.698,28.72,6.0,False
WI,columbia,55021,Columbia County,Wisconsin,58337,765.6,76.2,3.0,False
WI,crawford,55023,Crawford County,Wisconsin,16032,570.805,28.09,6.0,False
WI,dane,55025,Dane County,Wisconsin,570869,1196.497,477.12,3.0,False
WI,dodge,55027,Dodge County,Wisconsin,88539,875.699,101.11,5.0,False
WI,door,55029,Door County,Wisconsin,30597,481.936,63.49,6.0,False
WI,douglas,55031,Douglas County,Wisconsin,44238,1304.272,33.92,3.0,False
WI,dunn,55033,Dunn County,Wisconsin,45676,850.159,53.73,5.0,False
WI,eau claire,55035,Eau Claire County,Wisconsin,106835,637.922,167.47,4.0,False
WI,florence,55037,Florence County,Wisconsin,4708,488.024,9.65,5.0,False
WI,fond du lac,55039,Fond du Lac County,Wisconsin,104010,719.566,144.55,4.0,False
WI,forest,55041,Forest County,Wisconsin,9344,1014.266,9.21,6.0,False
WI,grant,55043,Grant County,Wisconsin,51337,1147.604,44.73,5.0,False
WI,green,55045,Green County,Wisconsin,36864,584.044,63.12,3.0,False
WI,green lake,55047,Green Lake County,Wisconsin,19241,349.541,55.05,6.0,False
WI,iowa,55049,Iowa County,Wisconsin,23959,762.698,31.41,3.0,False
WI,iron,55051,Iron County,Wisconsin,6221,758.214,8.2,6.0,False
WI,jackson,55053,Jackson County,Wisconsin,20930,987.915,21.19,6.0,False
WI,jefferson,55055,Jefferson County,Wisconsin,85809,556.493,154.2,5.0,False
WI,juneau,55057,Juneau County,Wisconsin,26743,767.081,34.86,6.0,False
WI,kenosha,55059,Kenosha County,Wisconsin,167920,271.833,617.73,4.0,False
WI,kewaunee,55061,Kewaunee County,Wisconsin,20681,342.454,60.39,3.0,False
WI,la crosse,55063,La Crosse County,Wisconsin,120359,451.803,266.4,4.0,False
WI,lafayette,55065,Lafayette County,Wisconsin,16926,633.588,26.71,6.0,False
WI,langlade,55067,Langlade County,Wisconsin,19528,870.69,22.43,6.0,False
WI,lincoln,55069,Lincoln County,Wisconsin,28345,878.71,32.26,6.0,False
WI,manitowoc,55071,Manitowoc County,Wisconsin,81256,589.309,137.88,5.0,False
WI,marathon,55073,Marathon County,Wisconsin,138175,1545.238,89.42,4.0,False
WI,marinette,55075,Marinette County,Wisconsin,42000,1399.468,30.01,5.0,False
WI,marquette,55077,Marquette County,Wisconsin,15776,455.713,34.62,6.0,False
WI,menominee,55078,Menominee County,Wisconsin,4199,357.615,11.74,5.0,False
WI,milwaukee,55079,Milwaukee County,Wisconsin,921977,241.457,3818.39,1.0,False
WI,monroe,55081,Monroe County,Wisconsin,46021,900.904,51.08,5.0,False
WI,oconto,55083,Oconto County,Wisconsin,39660,997.477,39.76,3.0,False
WI,oneida,55085,Oneida County,Wisconsin,38267,1113.944,34.35,6.0,False
WI,outagamie,55087,Outagamie County,Wisconsin,192561,637.557,302.03,4.0,False
WI,ozaukee,55089,Ozaukee County,Wisconsin,93115,233.011,399.62,2.0,False
WI,pepin,55091,Pepin County,Wisconsin,7400,232.008,31.9,6.0,False
WI,pierce,55093,Pierce County,Wisconsin,42597,574.018,74.21,2.0,False
WI,polk,55095,Polk County,Wisconsin,45608,914.32,49.88,6.0,False
WI,portage,55097,Portage County,Wisconsin,70799,800.874,88.4,5.0,False
WI,price,55099,Price County,Wisconsin,14178,1254.057,11.31,6.0,False
WI,racine,55101,Racine County,Wisconsin,196710,332.611,591.41,4.0,False
WI,richland,55103,Richland County,Wisconsin,17161,586.15,29.28,6.0,False
WI,rock,55105,Rock County,Wisconsin,163959,718.168,228.3,4.0,False
WI,rusk,55107,Rusk County,Wisconsin,14180,913.511,15.52,6.0,False
WI,sauk,55111,Sauk County,Wisconsin,65916,831.587,79.27,5.0,False
WI,sawyer,55113,Sawyer County,Wisconsin,18575,1257.6,14.77,6.0,False
WI,shawano,55115,Shawano County,Wisconsin,41017,893.225,45.92,5.0,False
WI,sheboygan,55117,Sheboygan County,Wisconsin,117860,511.519,230.41,4.0,False
WI,st croix,55109,St. Croix County,Wisconsin,96138,722.158,133.13,2.0,False
WI,taylor,55119,Taylor County,Wisconsin,19946,975.052,20.46,6.0,False
WI,trempealeau,55121,Trempealeau County,Wisconsin,30920,732.966,42.18,6.0,False
WI,vernon,55123,Vernon County,Wisconsin,31110,791.563,39.3,4.0,False
WI,vilas,55125,Vilas County,Wisconsin,23755,857.71,27.7,6.0,False
WI,walworth,55127,Walworth County,Wisconsin,105705,555.433,190.31,5.0,False
WI,washburn,55129,Washburn County,Wisconsin,16915,797.114,21.22,6.0,False
WI,washington,55131,Washington County,Wisconsin,137999,430.644,320.45,2.0,False
WI,waukesha,55133,Waukesha County,Wisconsin,411061,549.725,747.76,2.0,False
WI,waupaca,55135,Waupaca County,Wisconsin,51645,747.702,69.07,6.0,False
WI,waushara,55137,Waushara County,Wisconsin,24932,626.161,39.82,6.0,False
WI,winnebago,55139,Winnebago County,Wisconsin,171049,434.697,393.49,4.0,False
WI,wood,55141,Wood County,Wisconsin,73849,793.02,93.12,5.0,False
WV,barbour,54001,Barbour County,West Virginia,15397,341.059,45.14,6.0,False
WV,berkeley,54003,Berkeley County,West Virginia,129538,321.149,403.36,3.0,False
WV,boone,54005,Boone County,West Virginia,20925,502.37,41.65,4.0,False
WV,braxton,54007,Braxton County,West Virginia,12158,510.735,23.8,6.0,False
WV,brooke,54009,Brooke County,West Virginia,21739,89.196,243.72,4.0,False
WV,cabell,54011,Cabell County,West Virginia,92501,281.024,329.16,3.0,False
WV,calhoun,54013,Calhoun County,West Virginia,6056,279.263,21.69,6.0,False
WV,clay,54015,Clay County,West Virginia,7819,341.939,22.87,4.0,False
WV,doddridge,54017,Doddridge County,West Virginia,7719,319.723,24.14,5.0,False
WV,fayette,54019,Fayette County,West Virginia,39411,661.957,59.54,4.0,False
WV,gilmer,54021,Gilmer County,West Virginia,7309,338.503,21.59,6.0,False
WV,grant,54023,Grant County,West Virginia,10965,477.372,22.97,6.0,False
WV,greenbrier,54025,Greenbrier County,West Virginia,32348,1019.819,31.72,6.0,False
WV,hampshire,54027,Hampshire County,West Virginia,23464,640.402,36.64,4.0,False
WV,hancock,54029,Hancock County,West Virginia,28265,82.61,342.15,4.0,False
WV,hardy,54031,Hardy County,West Virginia,14196,582.315,24.38,6.0,False
WV,harrison,54033,Harrison County,West Virginia,64683,416.01,155.48,5.0,False
WV,jackson,54035,Jackson County,West Virginia,27624,464.36,59.49,6.0,False
WV,jefferson,54037,Jefferson County,West Virginia,58957,209.296,281.69,2.0,False
WV,kanawha,54039,Kanawha County,West Virginia,175899,901.737,195.07,4.0,False
WV,lewis,54041,Lewis County,West Virginia,16719,386.93,43.21,6.0,False
WV,lincoln,54043,Lincoln County,West Virginia,19862,437.093,45.44,6.0,False
WV,logan,54045,Logan County,West Virginia,31251,452.904,69.0,6.0,False
WV,marion,54049,Marion County,West Virginia,55799,308.785,180.71,5.0,False
WV,marshall,54051,Marshall County,West Virginia,29722,305.431,97.31,4.0,False
WV,mason,54053,Mason County,West Virginia,24938,430.768,57.89,6.0,False
WV,mcdowell,54047,McDowell County,West Virginia,17790,533.458,33.35,6.0,False
WV,mercer,54055,Mercer County,West Virginia,58599,418.962,139.87,5.0,False
WV,mineral,54057,Mineral County,West Virginia,26872,327.882,81.96,5.0,False
WV,mingo,54059,Mingo County,West Virginia,22427,423.113,53.0,6.0,False
WV,monongalia,54061,Monongalia County,West Virginia,106921,360.093,296.93,4.0,False
WV,monroe,54063,Monroe County,West Virginia,12314,472.754,26.05,6.0,False
WV,morgan,54065,Morgan County,West Virginia,17380,229.073,75.87,3.0,False
WV,nicholas,54067,Nicholas County,West Virginia,24266,646.842,37.51,6.0,False
WV,ohio,54069,Ohio County,West Virginia,41473,105.831,391.88,4.0,False
WV,pendleton,54071,Pendleton County,West Virginia,6051,696.05,8.69,6.0,False
WV,pleasants,54073,Pleasants County,West Virginia,7564,130.119,58.13,6.0,False
WV,pocahontas,54075,Pocahontas County,West Virginia,7776,940.239,8.27,6.0,False
WV,preston,54077,Preston County,West Virginia,34196,648.814,52.71,4.0,False
WV,putnam,54079,Putnam County,West Virginia,57070,345.677,165.1,3.0,False
WV,raleigh,54081,Raleigh County,West Virginia,72863,604.968,120.44,4.0,False
WV,randolph,54083,Randolph County,West Virginia,27539,1039.7,26.49,5.0,False
WV,ritchie,54085,Ritchie County,West Virginia,8239,451.99,18.23,6.0,False
WV,roane,54087,Roane County,West Virginia,13794,483.563,28.53,6.0,False
WV,summers,54089,Summers County,West Virginia,11711,360.588,32.48,6.0,False
WV,taylor,54091,Taylor County,West Virginia,16386,172.771,94.84,5.0,False
WV,tucker,54093,Tucker County,West Virginia,6625,419.042,15.81,6.0,False
WV,tyler,54095,Tyler County,West Virginia,8081,256.302,31.53,6.0,False
WV,upshur,54097,Upshur County,West Virginia,23715,354.638,66.87,6.0,False
WV,wayne,54099,Wayne County,West Virginia,38025,506.005,75.15,3.0,False
WV,webster,54101,Webster County,West Virginia,8125,553.47,14.68,6.0,False
WV,wetzel,54103,Wetzel County,West Virginia,14027,358.067,39.17,6.0,False
WV,wirt,54105,Wirt County,West Virginia,5095,232.511,21.91,4.0,False
WV,wood,54107,Wood County,West Virginia,83364,366.5,227.46,4.0,False
WV,wyoming,54109,Wyoming County,West Virginia,20570,499.47,41.18,6.0,False
WY,albany,56001,Albany County,Wyoming,38361,4274.175,8.98,5.0,False
WY,big horn,56003,Big Horn County,Wyoming,11876,3136.957,3.79,6.0,False
WY,campbell,56005,Campbell County,Wyoming,47049,4802.065,9.8,5.0,False
WY,carbon,56007,Carbon County,Wyoming,14527,7897.746,1.84,6.0,False
WY,converse,56009,Converse County,Wyoming,13774,4254.994,3.24,6.0,False
WY,crook,56011,Crook County,Wyoming,7417,2854.48,2.6,6.0,False
WY,fremont,56013,Fremont County,Wyoming,39545,9183.597,4.31,5.0,False
WY,goshen,56015,Goshen County,Wyoming,12638,2225.613,5.68,6.0,False
WY,hot springs,56017,Hot Springs County,Wyoming,4609,2004.431,2.3,6.0,False
WY,johnson,56019,Johnson County,Wyoming,8735,4154.152,2.1,6.0,False
WY,laramie,56021,Laramie County,Wyoming,100860,2685.864,37.55,4.0,False
WY,lincoln,56023,Lincoln County,Wyoming,20690,4075.337,5.08,6.0,False
WY,natrona,56025,Natrona County,Wyoming,79565,5340.537,14.9,4.0,False
WY,niobrara,56027,Niobrara County,Wyoming,2346,2626.028,0.89,6.0,False
WY,park,56029,Park County,Wyoming,30530,6939.039,4.4,5.0,False
WY,platte,56031,Platte County,Wyoming,8655,2081.459,4.16,6.0,False
WY,sheridan,56033,Sheridan County,Wyoming,32049,2523.361,12.7,5.0,False
WY,sublette,56035,Sublette County,Wyoming,8767,4886.482,1.79,6.0,False
WY,sweetwater,56037,Sweetwater County,Wyoming,41322,10426.981,3.96,5.0,False
WY,teton,56039,Teton County,Wyoming,23341,3996.846,5.84,5.0,False
WY,uinta,56041,Uinta County,Wyoming,20722,2081.726,9.95,5.0,False
WY,washakie,56043,Washakie County,Wyoming,7728,2238.679,3.45,6.0,False
WY,weston,56045,Weston County,Wyoming,6872,2398.005,2.87,6.0,False
